ID,LID,Width,Color,type,LinkID
1,1,0.15,W,0,24
2,2,0.15,W,0,70
3,3,0.15,W,0,117
4,4,0.15,W,0,163
5,5,0.15,W,0,24
6,6,0.15,W,0,70
7,7,0.15,W,0,473
8,8,0.15,W,0,519
9,9,0.15,W,0,380
10,10,0.15,W,0,426
11,11,0.15,W,0,473
12,12,0.15,W,0,519
13,13,0.15,W,0,1840
14,14,0.15,W,0,1886
15,15,0.15,W,0,1933
16,16,0.15,W,0,1979
17,17,0.15,W,0,7676
18,18,0.15,W,0,7722
19,19,0.15,W,0,7769
20,20,0.15,W,0,7815
21,21,0.15,Y,0,7676
22,22,0.15,Y,0,7722
23,23,0.15,Y,0,7769
24,24,0.15,Y,0,7815
25,25,0.15,Y,0,21106
26,26,0.15,Y,0,21059
27,27,0.15,Y,0,21013
28,28,0.15,Y,0,20966
29,29,0.15,W,0,21106
30,30,0.15,W,0,21059
31,31,0.15,W,0,21013
32,32,0.15,W,0,23885
33,33,0.15,W,0,24024
34,34,0.15,W,0,26895
35,35,0.15,W,0,26849
36,36,0.15,W,0,26802
37,37,0.15,W,0,12248
38,38,0.15,W,0,26895
39,39,0.15,W,0,12155
40,40,0.15,W,0,12109
41,41,0.15,W,0,12248
42,42,0.15,W,0,10785
43,43,0.15,W,0,10739
44,44,0.15,W,0,12109
45,45,0.15,W,0,10832
46,46,0.15,W,0,10785
47,47,0.15,W,0,10739
48,48,0.15,W,0,10693
49,49,0.15,W,0,200
50,50,0.15,W,0,232
51,51,0.15,W,0,267
52,52,0.15,W,0,294
53,53,0.15,W,0,311
54,54,0.15,W,0,329
55,55,0.15,W,0,347
56,56,0.15,Y,0,200
57,57,0.15,Y,0,232
58,58,0.15,Y,0,267
59,59,0.15,Y,0,293
60,60,0.15,Y,0,310
61,61,0.15,Y,0,328
62,62,0.15,Y,0,347
63,63,0.15,W,0,597
64,64,0.15,W,0,706
65,65,0.15,W,0,815
66,66,0.15,W,0,923
67,67,0.15,W,0,2057
68,68,0.15,W,0,706
69,69,0.15,W,0,815
70,70,0.15,W,0,2383
71,71,0.15,W,0,4975
72,72,0.15,W,0,5084
73,73,0.15,W,0,5193
74,74,0.15,W,0,5302
75,75,0.15,W,0,7893
76,76,0.15,W,0,8002
77,77,0.15,W,0,8111
78,78,0.15,W,0,5302
79,79,0.15,Y,0,7893
80,80,0.15,Y,0,8002
81,81,0.15,Y,0,8111
82,82,0.15,Y,0,8220
83,83,0.15,Y,0,20889
84,84,0.15,Y,0,20780
85,85,0.15,Y,0,20671
86,86,0.15,Y,0,20587
87,87,0.15,W,0,20889
88,88,0.15,W,0,23698
89,89,0.15,W,0,23589
90,90,0.15,W,0,20587
91,91,0.15,W,0,26725
92,92,0.15,W,0,26616
93,93,0.15,W,0,26507
94,94,0.15,W,0,26423
95,95,0.15,W,0,12031
96,96,0.15,W,0,11922
97,97,0.15,W,0,11813
98,98,0.15,W,0,26423
99,99,0.15,W,0,12031
100,100,0.15,W,0,11077
101,101,0.15,W,0,10968
102,102,0.15,W,0,10885
103,103,0.15,W,0,12072
104,104,0.15,W,0,10633
105,105,0.15,W,0,10615
106,106,0.15,W,0,10598
107,107,0.15,W,0,10580
108,108,0.15,W,0,10655
109,109,0.15,W,0,10633
110,110,0.15,W,0,10615
111,111,0.15,W,0,10597
112,112,0.15,W,0,10580
113,113,0.15,W,0,11908
114,114,0.15,W,0,11799
115,115,0.15,W,0,10885
116,116,0.15,W,0,11063
117,117,0.15,W,0,10962
118,118,0.15,W,0,10897
119,119,0.15,W,0,10860
120,120,0.15,Y,0,34836
121,121,0.15,Y,0,34843
122,122,0.15,Y,0,34849
123,123,0.15,Y,0,34855
124,124,0.15,W,0,34836
125,125,0.15,W,0,34843
126,126,0.15,W,0,34849
127,127,0.15,W,0,34855
128,128,0.15,W,0,35059
129,129,0.15,W,0,1172
130,130,0.15,W,0,1301
131,131,0.15,W,0,1430
132,132,0.15,W,0,2503
133,133,0.15,W,0,2632
134,134,0.15,W,0,2761
135,135,0.15,W,0,2890
136,136,0.15,W,0,5421
137,137,0.15,W,0,5550
138,138,0.15,W,0,5679
139,139,0.15,W,0,2890
140,140,0.15,W,0,8339
141,141,0.15,W,0,8468
142,142,0.15,W,0,8597
143,143,0.15,W,0,8726
144,144,0.15,Y,0,8339
145,145,0.15,Y,0,8468
146,146,0.15,Y,0,8597
147,147,0.15,Y,0,8726
148,148,0.15,Y,0,20487
149,149,0.15,Y,0,20345
150,150,0.15,Y,0,20203
151,151,0.15,Y,0,20061
152,152,0.15,W,0,23405
153,153,0.15,W,0,23263
154,154,0.15,W,0,20204
155,155,0.15,W,0,20062
156,156,0.15,W,0,26323
157,157,0.15,W,0,26181
158,158,0.15,W,0,23121
159,159,0.15,W,0,22980
160,160,0.15,W,0,11630
161,161,0.15,W,0,11488
162,162,0.15,W,0,11346
163,163,0.15,W,0,11204
164,164,0.15,W,0,11677
165,165,0.15,W,0,11393
166,166,0.15,W,0,29181
167,167,0.15,W,0,29193
168,168,0.15,W,0,29209
169,169,0.15,W,0,29225
170,170,0.15,W,0,29240
171,171,0.15,W,0,29256
172,172,0.15,W,0,29272
173,173,0.15,W,0,29287
174,174,0.15,W,0,29303
175,175,0.15,W,0,29319
176,176,0.15,W,0,29334
177,177,0.15,W,0,29350
178,178,0.15,W,0,29366
179,179,0.15,W,0,29382
180,180,0.15,W,0,29397
181,181,0.15,W,0,29413
182,182,0.15,W,0,29181
183,183,0.15,W,0,29194
184,184,0.15,W,0,29209
185,185,0.15,W,0,29225
186,186,0.15,W,0,29241
187,187,0.15,W,0,29256
188,188,0.15,W,0,29272
189,189,0.15,W,0,29288
190,190,0.15,W,0,29303
191,191,0.15,W,0,29319
192,192,0.15,W,0,29335
193,193,0.15,W,0,1333
194,194,0.15,W,0,1349
195,195,0.15,W,0,1365
196,196,0.15,W,0,29397
197,197,0.15,W,0,29413
198,198,0.15,Y,0,12588
199,199,0.15,Y,0,12567
200,200,0.15,Y,0,12546
201,201,0.15,Y,0,12525
202,202,0.15,Y,0,12505
203,203,0.15,Y,0,12484
204,204,0.15,Y,0,12464
205,205,0.15,Y,0,12443
206,206,0.15,Y,0,12423
207,207,0.15,Y,0,12403
208,208,0.15,Y,0,12383
209,209,0.15,Y,0,12362
210,210,0.15,Y,0,12342
211,211,0.15,Y,0,11183
212,212,0.15,Y,0,11163
213,213,0.15,Y,0,11143
214,214,0.15,W,0,12588
215,215,0.15,W,0,12567
216,216,0.15,W,0,12546
217,217,0.15,W,0,12525
218,218,0.15,W,0,12504
219,219,0.15,W,0,12484
220,220,0.15,W,0,12463
221,221,0.15,W,0,12443
222,222,0.15,W,0,12423
223,223,0.15,W,0,12403
224,224,0.15,W,0,12383
225,225,0.15,W,0,12363
226,226,0.15,W,0,12342
227,227,0.15,W,0,12322
228,228,0.15,W,0,12302
229,229,0.15,W,0,12282
230,230,0.15,W,0,1535
231,231,0.15,W,0,1615
232,232,0.15,W,0,1695
233,233,0.15,W,0,1776
234,234,0.15,W,0,2995
235,235,0.15,W,0,3075
236,236,0.15,W,0,3155
237,237,0.15,W,0,1776
238,238,0.15,W,0,2995
239,239,0.15,W,0,5993
240,240,0.15,W,0,6073
241,241,0.15,W,0,6154
242,242,0.15,W,0,8831
243,243,0.15,W,0,8911
244,244,0.15,W,0,8991
245,245,0.15,W,0,9072
246,246,0.15,Y,0,8831
247,247,0.15,Y,0,8911
248,248,0.15,Y,0,8991
249,249,0.15,Y,0,9072
250,250,0.15,Y,0,19950
251,251,0.15,Y,0,19870
252,252,0.15,Y,0,19790
253,253,0.15,Y,0,19710
254,254,0.15,W,0,19950
255,255,0.15,W,0,19870
256,256,0.15,W,0,19790
257,257,0.15,W,0,19710
258,258,0.15,W,0,25787
259,259,0.15,W,0,22788
260,260,0.15,W,0,25626
261,261,0.15,W,0,25546
262,262,0.15,W,0,25787
263,263,0.15,W,0,25706
264,264,0.15,W,0,25626
265,265,0.15,W,0,12640
266,266,0.15,W,0,12881
267,267,0.15,W,0,12800
268,268,0.15,W,0,12720
269,269,0.15,W,0,12640
270,270,0.15,W,0,12942
271,271,0.15,W,0,12990
272,272,0.15,W,0,13041
273,273,0.15,W,0,13089
274,274,0.15,W,0,12946
275,275,0.15,W,0,13699
276,276,0.15,W,0,13746
277,277,0.15,W,0,13794
278,278,0.15,W,0,13651
279,279,0.15,W,0,13699
280,280,0.15,W,0,13746
281,281,0.15,W,0,13794
282,282,0.15,W,0,6218
283,283,0.15,W,0,6265
284,284,0.15,W,0,6313
285,285,0.15,W,0,6361
286,286,0.15,W,0,9136
287,287,0.15,W,0,9183
288,288,0.15,W,0,9231
289,289,0.15,W,0,9279
290,290,0.15,Y,0,9136
291,291,0.15,Y,0,9183
292,292,0.15,Y,0,9231
293,293,0.15,Y,0,9279
294,294,0.15,Y,0,19646
295,295,0.15,Y,0,19598
296,296,0.15,Y,0,19550
297,297,0.15,Y,0,19502
298,298,0.15,W,0,19646
299,299,0.15,W,0,22516
300,300,0.15,W,0,22468
301,301,0.15,W,0,22421
302,302,0.15,W,0,25482
303,303,0.15,W,0,25434
304,304,0.15,W,0,25386
305,305,0.15,W,0,25339
306,306,0.15,W,0,15526
307,307,0.15,W,0,15478
308,308,0.15,W,0,15431
309,309,0.15,W,0,15383
310,310,0.15,W,0,16031
311,311,0.15,W,0,15983
312,312,0.15,W,0,15936
313,313,0.15,W,0,15888
314,314,0.15,W,0,16031
315,315,0.15,W,0,15983
316,316,0.15,W,0,15936
317,317,0.15,W,0,15888
318,318,0.15,W,0,13142
319,319,0.15,W,0,13201
320,320,0.15,W,0,13259
321,321,0.15,W,0,13318
322,322,0.15,W,0,13847
323,323,0.15,W,0,13906
324,324,0.15,W,0,13964
325,325,0.15,W,0,14022
326,326,0.15,W,0,13847
327,327,0.15,W,0,13906
328,328,0.15,W,0,13964
329,329,0.15,W,0,14022
330,330,0.15,W,0,6414
331,331,0.15,W,0,6473
332,332,0.15,W,0,6531
333,333,0.15,W,0,6589
334,334,0.15,W,0,9332
335,335,0.15,W,0,9390
336,336,0.15,W,0,9449
337,337,0.15,W,0,9507
338,338,0.15,Y,0,9332
339,339,0.15,Y,0,9390
340,340,0.15,Y,0,9449
341,341,0.15,Y,0,9507
342,342,0.15,Y,0,19449
343,343,0.15,Y,0,19391
344,344,0.15,Y,0,19333
345,345,0.15,Y,0,19274
346,346,0.15,W,0,22368
347,347,0.15,W,0,22309
348,348,0.15,W,0,22251
349,349,0.15,W,0,19274
350,350,0.15,W,0,25286
351,351,0.15,W,0,25227
352,352,0.15,W,0,25169
353,353,0.15,W,0,22192
354,354,0.15,W,0,15330
355,355,0.15,W,0,15272
356,356,0.15,W,0,15213
357,357,0.15,W,0,25110
358,358,0.15,W,0,15835
359,359,0.15,W,0,15776
360,360,0.15,W,0,15718
361,361,0.15,W,0,15155
362,362,0.15,W,0,15835
363,363,0.15,W,0,15776
364,364,0.15,W,0,15718
365,365,0.15,W,0,15660
366,366,0.15,W,0,13366
367,367,0.15,W,0,13406
368,368,0.15,W,0,14073
369,369,0.15,W,0,14112
370,370,0.15,W,0,14092
371,371,0.15,W,0,14392
372,372,0.15,W,0,14431
373,373,0.15,W,0,6638
374,374,0.15,W,0,6677
375,375,0.15,W,0,9556
376,376,0.15,W,0,9595
377,377,0.15,Y,0,9556
378,378,0.15,Y,0,9595
379,379,0.15,Y,0,19225
380,380,0.15,Y,0,19186
381,381,0.15,W,0,19225
382,382,0.15,W,0,19186
383,383,0.15,W,0,25062
384,384,0.15,W,0,25022
385,385,0.15,W,0,25062
386,386,0.15,W,0,25022
387,387,0.15,W,0,15106
388,388,0.15,W,0,15067
389,389,0.15,W,0,15611
390,390,0.15,W,0,15572
391,391,0.15,W,0,13457
392,392,0.15,W,0,13519
393,393,0.15,W,0,13558
394,394,0.15,W,0,13573
395,395,0.15,W,0,13587
396,396,0.15,W,0,13599
397,397,0.15,W,0,13610
398,398,0.15,W,0,13620
399,399,0.15,W,0,14163
400,400,0.15,W,0,13519
401,401,0.15,W,0,14265
402,402,0.15,W,0,14280
403,403,0.15,W,0,14295
404,404,0.15,W,0,14308
405,405,0.15,W,0,14320
406,406,0.15,W,0,13620
407,407,0.15,W,0,14163
408,408,0.15,W,0,14226
409,409,0.15,W,0,14265
410,410,0.15,W,0,14280
411,411,0.15,W,0,14295
412,412,0.15,W,0,14308
413,413,0.15,W,0,14320
414,414,0.15,W,0,14330
415,415,0.15,W,0,14502
416,416,0.15,W,0,14605
417,417,0.15,W,0,3830
418,418,0.15,W,0,3933
419,419,0.15,W,0,6748
420,420,0.15,W,0,6852
421,421,0.15,W,0,9666
422,422,0.15,W,0,9769
423,423,0.15,Y,0,9666
424,424,0.15,Y,0,9769
425,425,0.15,Y,0,19115
426,426,0.15,Y,0,19012
427,427,0.15,W,0,22033
428,428,0.15,W,0,19012
429,429,0.15,W,0,24951
430,430,0.15,W,0,24848
431,431,0.15,W,0,24951
432,432,0.15,W,0,17728
433,433,0.15,W,0,44179
434,434,0.15,W,0,16109
435,435,0.15,W,0,43416
436,436,0.15,W,0,43421
437,437,0.15,W,0,43431
438,438,0.15,W,0,43446
439,439,0.15,W,0,43461
440,440,0.15,W,0,43476
441,441,0.15,W,0,43491
442,442,0.15,W,0,43507
443,443,0.15,W,0,43522
444,444,0.15,W,0,43726
445,445,0.15,W,0,43729
446,446,0.15,W,0,43732
447,447,0.15,W,0,43741
448,448,0.15,W,0,43757
449,449,0.15,W,0,43772
450,450,0.15,W,0,43788
451,451,0.15,W,0,14771
452,452,0.15,W,0,43819
453,453,0.15,W,0,14802
454,454,0.15,W,0,14676
455,455,0.15,W,0,14714
456,456,0.15,W,0,43785
457,457,0.15,W,0,43823
458,458,0.15,W,0,4004
459,459,0.15,W,0,4042
460,460,0.15,W,0,4081
461,461,0.15,W,0,14791
462,462,0.15,W,0,6922
463,463,0.15,W,0,6961
464,464,0.15,W,0,6999
465,465,0.15,W,0,7037
466,466,0.15,W,0,9840
467,467,0.15,W,0,9879
468,468,0.15,W,0,6999
469,469,0.15,W,0,7037
470,470,0.15,Y,0,9840
471,471,0.15,Y,0,9878
472,472,0.15,Y,0,9917
473,473,0.15,Y,0,9955
474,474,0.15,Y,0,18941
475,475,0.15,Y,0,18903
476,476,0.15,Y,0,18864
477,477,0.15,Y,0,18826
478,478,0.15,W,0,18941
479,479,0.15,W,0,21821
480,480,0.15,W,0,21782
481,481,0.15,W,0,18826
482,482,0.15,W,0,24777
483,483,0.15,W,0,24739
484,484,0.15,W,0,24700
485,485,0.15,W,0,21744
486,486,0.15,W,0,17657
487,487,0.15,W,0,24739
488,488,0.15,W,0,24700
489,489,0.15,W,0,24662
490,490,0.15,W,0,17657
491,491,0.15,W,0,17619
492,492,0.15,W,0,17580
493,493,0.15,W,0,17542
494,494,0.15,W,0,46002
495,495,0.15,W,0,45617
496,496,0.15,W,0,45913
497,497,0.15,W,0,45891
498,498,0.15,W,0,45880
499,499,0.15,W,0,45875
500,500,0.15,W,0,45870
501,501,0.15,W,0,46002
502,502,0.15,W,0,45956
503,503,0.15,W,0,45575
504,504,0.15,W,0,45553
505,505,0.15,W,0,45543
506,506,0.15,W,0,45537
507,507,0.15,W,0,45533
508,508,0.15,W,0,16294
509,509,0.15,W,0,16353
510,510,0.15,W,0,16412
511,511,0.15,W,0,15016
512,512,0.15,W,0,4168
513,513,0.15,W,0,4227
514,514,0.15,W,0,4285
515,515,0.15,W,0,16471
516,516,0.15,W,0,7086
517,517,0.15,W,0,7145
518,518,0.15,W,0,7204
519,519,0.15,W,0,7262
520,520,0.15,W,0,7086
521,521,0.15,W,0,7145
522,522,0.15,W,0,10121
523,523,0.15,W,0,10180
524,524,0.15,Y,0,10004
525,525,0.15,Y,0,10063
526,526,0.15,Y,0,10121
527,527,0.15,Y,0,10180
528,528,0.15,Y,0,18777
529,529,0.15,Y,0,18719
530,530,0.15,Y,0,18660
531,531,0.15,Y,0,18601
532,532,0.15,W,0,18778
533,533,0.15,W,0,18719
534,534,0.15,W,0,21578
535,535,0.15,W,0,21519
536,536,0.15,W,0,21696
537,537,0.15,W,0,24555
538,538,0.15,W,0,24496
539,539,0.15,W,0,24437
540,540,0.15,W,0,24613
541,541,0.15,W,0,24555
542,542,0.15,W,0,17376
543,543,0.15,W,0,17317
544,544,0.15,W,0,17493
545,545,0.15,W,0,17434
546,546,0.15,W,0,17376
547,547,0.15,W,0,17317
548,548,0.15,W,0,18203
549,549,0.15,W,0,18186
550,550,0.15,W,0,18171
551,551,0.15,W,0,18155
552,552,0.15,W,0,18143
553,553,0.15,W,0,18135
554,554,0.15,W,0,18127
555,555,0.15,W,0,18120
556,556,0.15,W,0,18113
557,557,0.15,W,0,18104
558,558,0.15,W,0,18097
559,559,0.15,W,0,18089
560,560,0.15,W,0,18078
561,561,0.15,W,0,18063
562,562,0.15,W,0,18029
563,563,0.15,W,0,17974
564,564,0.15,W,0,46537
565,565,0.15,W,0,27859
566,566,0.15,W,0,18171
567,567,0.15,W,0,18155
568,568,0.15,W,0,27816
569,569,0.15,W,0,18135
570,570,0.15,W,0,18127
571,571,0.15,W,0,18120
572,572,0.15,W,0,18112
573,573,0.15,W,0,18104
574,574,0.15,W,0,27772
575,575,0.15,W,0,27764
576,576,0.15,W,0,27753
577,577,0.15,W,0,27739
578,578,0.15,W,0,18029
579,579,0.15,W,0,17975
580,580,0.15,W,0,46537
581,581,0.15,W,0,27860
582,582,0.15,W,0,27844
583,583,0.15,W,0,27828
584,584,0.15,W,0,27816
585,585,0.15,W,0,27808
586,586,0.15,W,0,27801
587,587,0.15,W,0,27794
588,588,0.15,W,0,27787
589,589,0.15,W,0,27779
590,590,0.15,W,0,27772
591,591,0.15,W,0,27764
592,592,0.15,W,0,27754
593,593,0.15,W,0,27739
594,594,0.15,W,0,27705
595,595,0.15,W,0,27651
596,596,0.15,W,0,16534
597,597,0.15,W,0,16895
598,598,0.15,W,0,16895
599,599,0.15,W,0,7324
600,600,0.15,W,0,10242
601,601,0.15,Y,0,10241
602,602,0.15,Y,0,18540
603,603,0.15,W,0,18540
604,604,0.15,W,0,24376
605,605,0.15,W,0,24376
606,606,0.15,W,0,17916
607,607,0.15,W,0,27592
608,608,0.15,W,0,16640
609,609,0.15,W,0,16788
610,610,0.15,W,0,16640
611,611,0.15,W,0,17149
612,612,0.15,W,0,4511
613,613,0.15,W,0,4660
614,614,0.15,W,0,7430
615,615,0.15,W,0,7578
616,616,0.15,W,0,10347
617,617,0.15,W,0,7578
618,618,0.15,Y,0,10347
619,619,0.15,Y,0,10495
620,620,0.15,Y,0,18434
621,621,0.15,Y,0,18286
622,622,0.15,W,0,18434
623,623,0.15,W,0,21204
624,624,0.15,W,0,24270
625,625,0.15,W,0,24122
626,626,0.15,W,0,24270
627,627,0.15,W,0,27040
628,628,0.15,W,0,27486
629,629,0.15,W,0,27338
630,630,0.15,W,0,27486
631,631,0.15,W,0,27338
632,632,0.15,W,0,34057
633,633,0.15,W,0,34083
634,634,0.15,W,0,34109
635,635,0.15,W,0,34136
636,636,0.15,W,0,34057
637,637,0.15,W,0,34083
638,638,0.15,W,0,34110
639,639,0.15,W,0,30482
640,640,0.15,W,0,31589
641,641,0.15,W,0,30429
642,642,0.15,W,0,30456
643,643,0.15,W,0,30483
644,644,0.15,W,0,31588
645,645,0.15,W,0,31615
646,646,0.15,W,0,31642
647,647,0.15,W,0,31223
648,648,0.15,Y,0,31142
649,649,0.15,Y,0,31169
650,650,0.15,Y,0,31196
651,651,0.15,Y,0,31224
652,652,0.15,Y,0,27968
653,653,0.15,Y,0,27945
654,654,0.15,Y,0,27921
655,655,0.15,Y,0,27898
656,656,0.15,W,0,28196
657,657,0.15,W,0,28173
658,658,0.15,W,0,27920
659,659,0.15,W,0,27896
660,660,0.15,W,0,28195
661,661,0.15,W,0,28172
662,662,0.15,W,0,28149
663,663,0.15,W,0,28356
664,664,0.15,W,0,28424
665,665,0.15,W,0,28401
666,666,0.15,W,0,28378
667,667,0.15,W,0,28354
668,668,0.15,W,0,28805
669,669,0.15,W,0,28782
670,670,0.15,W,0,28759
671,671,0.15,W,0,28735
672,672,0.15,Y,0,34035
673,673,0.15,Y,0,34019
674,674,0.15,Y,0,34008
675,675,0.15,Y,0,34000
676,676,0.15,W,0,34035
677,677,0.15,W,0,34019
678,678,0.15,W,0,34008
679,679,0.15,W,0,34000
680,680,0.15,W,0,28448
681,681,0.15,W,0,28474
682,682,0.15,W,0,28501
683,683,0.15,W,0,28530
684,684,0.15,W,0,28220
685,685,0.15,W,0,28246
686,686,0.15,W,0,28272
687,687,0.15,W,0,28301
688,688,0.15,W,0,28221
689,689,0.15,W,0,28246
690,690,0.15,W,0,28272
691,691,0.15,W,0,28072
692,700,0.15,W,0,31564
693,701,0.15,W,0,31542
694,702,0.15,W,0,31519
695,703,0.15,W,0,31497
696,704,0.15,W,0,31564
697,705,0.15,W,0,31542
698,706,0.15,W,0,31519
699,707,0.15,W,0,31497
700,708,0.15,W,0,30378
701,709,0.15,W,0,30356
702,710,0.15,W,0,30333
703,711,0.15,W,0,30311
704,712,0.15,W,0,28826
705,713,0.15,W,0,28838
706,714,0.15,W,0,28845
707,715,0.15,W,0,28853
708,716,0.15,W,0,28826
709,717,0.15,W,0,28839
710,718,0.15,W,0,28846
711,719,0.15,W,0,28853
712,720,0.15,W,0,28585
713,721,0.15,W,0,28614
714,722,0.15,W,0,29436
715,723,0.15,W,0,29465
716,724,0.15,W,0,29881
717,725,0.15,W,0,29910
718,730,0.15,W,0,30999
719,731,0.15,W,0,30968
720,732,0.15,W,0,31445
721,733,0.15,W,0,31414
722,734,0.15,W,0,30259
723,735,0.15,W,0,34690
724,736,0.15,W,0,28652
725,737,0.15,W,0,28699
726,738,0.15,W,0,29503
727,739,0.15,W,0,29550
728,740,0.15,W,0,29948
729,741,0.15,W,0,29995
730,746,0.15,W,0,30929
731,747,0.15,W,0,30881
732,748,0.15,W,0,31375
733,749,0.15,W,0,31328
734,750,0.15,W,0,33647
735,751,0.15,W,0,33599
736,752,0.15,W,0,35449
737,753,0.15,W,0,29607
738,754,0.15,W,0,30052
739,757,0.15,W,0,30825
740,758,0.15,W,0,31271
741,759,0.15,W,0,33543
742,760,0.15,W,0,30593
743,761,0.15,W,0,30614
744,762,0.15,W,0,30636
745,763,0.15,W,0,30656
746,764,0.15,W,0,36556
747,765,0.15,W,0,36583
748,766,0.15,W,0,29669
749,767,0.15,W,0,29690
750,768,0.15,W,0,29711
751,769,0.15,W,0,30657
752,770,0.15,W,0,29748
753,771,0.15,W,0,29760
754,772,0.15,W,0,29669
755,773,0.15,W,0,29690
756,774,0.15,W,0,29712
757,775,0.15,W,0,29732
758,776,0.15,W,0,29748
759,777,0.15,W,0,29761
760,788,0.15,W,0,33022
761,789,0.15,W,0,32990
762,790,0.15,W,0,32968
763,791,0.15,W,0,32944
764,792,0.15,W,0,33246
765,793,0.15,W,0,33215
766,794,0.15,W,0,33194
767,795,0.15,W,0,33169
768,796,0.15,W,0,33470
769,797,0.15,W,0,33438
770,798,0.15,W,0,33419
771,799,0.15,W,0,33394
772,802,0.15,W,0,36593
773,803,0.15,W,0,36601
774,804,0.15,W,0,29770
775,805,0.15,W,0,29778
776,806,0.15,W,0,29770
777,807,0.15,W,0,31695
778,808,0.15,Y,0,31888
779,809,0.15,Y,0,31897
780,811,0.15,W,0,32925
781,812,0.15,W,0,33149
782,818,0.15,W,0,30716
783,819,0.15,W,0,30737
784,820,0.15,W,0,30758
785,821,0.15,W,0,30780
786,822,0.15,W,0,29792
787,823,0.15,W,0,30738
788,824,0.15,W,0,30759
789,825,0.15,W,0,30780
790,826,0.15,W,0,31709
791,827,0.15,W,0,31730
792,828,0.15,W,0,31751
793,829,0.15,W,0,29855
794,830,0.15,W,0,31810
795,831,0.15,W,0,31830
796,832,0.15,W,0,31851
797,833,0.15,W,0,31871
798,834,0.15,W,0,31810
799,835,0.15,W,0,31830
800,836,0.15,W,0,31851
801,837,0.15,W,0,31872
802,838,0.15,Y,0,31911
803,839,0.15,Y,0,31931
804,840,0.15,Y,0,31951
805,841,0.15,Y,0,31972
806,842,0.15,Y,0,32908
807,843,0.15,Y,0,32888
808,844,0.15,Y,0,32869
809,845,0.15,Y,0,32849
810,846,0.15,W,0,32907
811,847,0.15,W,0,32888
812,848,0.15,W,0,32868
813,849,0.15,W,0,33074
814,850,0.15,W,0,33131
815,851,0.15,W,0,33112
816,852,0.15,W,0,33093
817,853,0.15,W,0,33298
818,858,0.15,W,0,33761
819,859,0.15,W,0,33784
820,860,0.15,W,0,33806
821,861,0.15,W,0,33829
822,862,0.15,W,0,33761
823,863,0.15,W,0,33784
824,864,0.15,W,0,34208
825,865,0.15,W,0,34231
826,866,0.15,Y,0,34429
827,867,0.15,Y,0,34451
828,868,0.15,Y,0,34474
829,869,0.15,Y,0,34496
830,870,0.15,W,0,33848
831,871,0.15,W,0,33864
832,872,0.15,W,0,33880
833,873,0.15,W,0,33896
834,874,0.15,W,0,34250
835,875,0.15,W,0,34266
836,876,0.15,W,0,34282
837,877,0.15,W,0,34298
838,878,0.15,W,0,34515
839,879,0.15,W,0,34266
840,880,0.15,W,0,34282
841,881,0.15,W,0,34298
842,882,0.15,Y,0,34515
843,883,0.15,Y,0,34531
844,884,0.15,Y,0,34547
845,885,0.15,Y,0,34563
846,886,0.15,W,0,33917
847,887,0.15,W,0,33940
848,888,0.15,W,0,33956
849,889,0.15,W,0,33963
850,890,0.15,W,0,33969
851,891,0.15,W,0,33975
852,892,0.15,W,0,33980
853,893,0.15,W,0,33986
854,894,0.15,Y,0,33917
855,895,0.15,Y,0,33941
856,896,0.15,Y,0,33956
857,897,0.15,Y,0,33964
858,898,0.15,Y,0,33969
859,899,0.15,Y,0,33975
860,900,0.15,Y,0,33980
861,901,0.15,Y,0,33986
862,902,0.15,W,0,34314
863,903,0.15,W,0,34329
864,904,0.15,W,0,34343
865,905,0.15,W,0,34361
866,906,0.15,W,0,34314
867,907,0.15,W,0,34593
868,908,0.15,W,0,34606
869,909,0.15,W,0,34624
870,910,0.15,Y,0,34579
871,911,0.15,Y,0,34593
872,912,0.15,Y,0,34606
873,913,0.15,Y,0,34624
874,914,0.15,W,0,32479
875,915,0.15,W,0,32501
876,916,0.15,W,0,32540
877,917,0.15,W,0,32568
878,918,0.15,W,0,32579
879,919,0.15,W,0,32589
880,920,0.15,W,0,32597
881,921,0.15,W,0,32606
882,922,0.15,W,0,32615
883,923,0.15,W,0,32624
884,924,0.15,W,0,32633
885,925,0.15,W,0,32642
886,926,0.15,W,0,32652
887,927,0.15,W,0,32662
888,928,0.15,W,0,32672
889,929,0.15,W,0,32698
890,930,0.15,W,0,32740
891,931,0.15,W,0,32479
892,932,0.15,W,0,32502
893,933,0.15,W,0,32540
894,934,0.15,W,0,32568
895,935,0.15,W,0,32579
896,936,0.15,W,0,32160
897,937,0.15,W,0,32597
898,938,0.15,W,0,32606
899,939,0.15,W,0,32615
900,940,0.15,W,0,32624
901,941,0.15,W,0,32633
902,942,0.15,W,0,32642
903,943,0.15,W,0,32652
904,944,0.15,W,0,32661
905,945,0.15,W,0,32672
906,946,0.15,W,0,32698
907,947,0.15,W,0,32740
908,948,0.15,Y,0,32049
909,949,0.15,Y,0,32072
910,950,0.15,Y,0,32111
911,951,0.15,Y,0,32139
912,952,0.15,Y,0,32150
913,953,0.15,Y,0,32160
914,954,0.15,Y,0,32169
915,955,0.15,Y,0,32178
916,956,0.15,Y,0,32188
917,957,0.15,Y,0,32197
918,958,0.15,Y,0,32207
919,959,0.15,Y,0,32216
920,960,0.15,Y,0,32226
921,961,0.15,Y,0,32236
922,962,0.15,Y,0,32247
923,963,0.15,Y,0,32274
924,964,0.15,Y,0,32316
925,965,0.15,Y,0,34829
926,966,0.15,Y,0,34822
927,967,0.15,Y,0,34815
928,968,0.15,Y,0,34807
929,969,0.15,Y,0,34800
930,970,0.15,Y,0,34792
931,971,0.15,Y,0,34785
932,972,0.15,Y,0,34777
933,973,0.15,Y,0,34770
934,974,0.15,Y,0,34762
935,975,0.15,Y,0,34755
936,976,0.15,Y,0,34747
937,977,0.15,Y,0,34740
938,978,0.15,Y,0,34732
939,979,0.15,Y,0,34725
940,980,0.15,Y,0,34718
941,981,0.15,W,0,34829
942,982,0.15,W,0,34821
943,983,0.15,W,0,34815
944,984,0.15,W,0,34807
945,985,0.15,W,0,34800
946,986,0.15,W,0,34792
947,987,0.15,W,0,34785
948,988,0.15,W,0,34778
949,989,0.15,W,0,34770
950,990,0.15,W,0,34762
951,991,0.15,W,0,34755
952,992,0.15,W,0,34747
953,993,0.15,W,0,34740
954,994,0.15,W,0,34733
955,995,0.15,W,0,34725
956,996,0.15,W,0,34718
957,997,0.15,W,0,34706
958,998,0.15,W,0,34701
959,999,0.15,W,0,30230
960,1000,0.15,W,0,30218
961,1001,0.15,W,0,34704
962,1002,0.15,W,0,34699
963,1003,0.15,W,0,34691
964,1004,0.15,W,0,34680
965,1005,0.15,W,0,35168
966,1006,0.15,W,0,35171
967,1007,0.15,W,0,35177
968,1008,0.15,W,0,35184
969,1009,0.15,W,0,35190
970,1010,0.15,W,0,35195
971,1011,0.15,W,0,35200
972,1012,0.15,W,0,35205
973,1013,0.15,W,0,35211
974,1014,0.15,W,0,35216
975,1015,0.15,W,0,35222
976,1016,0.15,W,0,35227
977,1017,0.15,W,0,35233
978,1018,0.15,W,0,35238
979,1019,0.15,W,0,35244
980,1020,0.15,W,0,35249
981,1021,0.15,W,0,35255
982,1022,0.15,W,0,35262
983,1023,0.15,W,0,35269
984,1024,0.15,W,0,35275
985,1025,0.15,W,0,35281
986,1026,0.15,W,0,35288
987,1027,0.15,W,0,35294
988,1028,0.15,W,0,35301
989,1029,0.15,W,0,35307
990,1030,0.15,W,0,35312
991,1031,0.15,W,0,35317
992,1032,0.15,W,0,35322
993,1033,0.15,W,0,35327
994,1034,0.15,W,0,35332
995,1035,0.15,W,0,35338
996,1036,0.15,W,0,35343
997,1037,0.15,W,0,29575
998,1038,0.15,W,0,30502
999,1039,0.15,W,0,30507
1000,1040,0.15,W,0,35433
1001,1041,0.15,W,0,35190
1002,1042,0.15,W,0,35195
1003,1043,0.15,W,0,35450
1004,1044,0.15,W,0,35455
1005,1045,0.15,W,0,35461
1006,1046,0.15,W,0,35468
1007,1047,0.15,W,0,35474
1008,1048,0.15,W,0,35480
1009,1049,0.15,W,0,35486
1010,1050,0.15,W,0,35492
1011,1051,0.15,W,0,35498
1012,1052,0.15,W,0,35504
1013,1053,0.15,W,0,35511
1014,1054,0.15,W,0,35519
1015,1055,0.15,W,0,35526
1016,1056,0.15,W,0,35533
1017,1057,0.15,W,0,35541
1018,1058,0.15,W,0,35548
1019,1059,0.15,W,0,35555
1020,1060,0.15,W,0,35562
1021,1061,0.15,W,0,35568
1022,1062,0.15,W,0,35574
1023,1063,0.15,W,0,35580
1024,1064,0.15,W,0,35585
1025,1065,0.15,W,0,35591
1026,1066,0.15,W,0,35597
1027,1067,0.15,W,0,35602
1028,1068,0.15,W,0,35608
1029,1069,0.15,W,0,35168
1030,1070,0.15,W,0,35171
1031,1071,0.15,W,0,35176
1032,1072,0.15,W,0,35183
1033,1073,0.15,W,0,35189
1034,1074,0.15,W,0,35195
1035,1075,0.15,W,0,35450
1036,1076,0.15,W,0,35455
1037,1077,0.15,W,0,35461
1038,1078,0.15,W,0,35467
1039,1079,0.15,W,0,35474
1040,1080,0.15,W,0,35480
1041,1081,0.15,W,0,35486
1042,1082,0.15,W,0,35492
1043,1083,0.15,W,0,35498
1044,1084,0.15,W,0,35504
1045,1085,0.15,W,0,35511
1046,1086,0.15,W,0,35519
1047,1087,0.15,W,0,35526
1048,1088,0.15,W,0,35533
1049,1089,0.15,W,0,35541
1050,1090,0.15,W,0,35548
1051,1091,0.15,W,0,35555
1052,1092,0.15,W,0,35562
1053,1093,0.15,W,0,35568
1054,1094,0.15,W,0,35574
1055,1095,0.15,W,0,35580
1056,1096,0.15,W,0,35585
1057,1097,0.15,W,0,35591
1058,1098,0.15,W,0,35597
1059,1099,0.15,W,0,35602
1060,1100,0.15,W,0,35608
1061,1101,0.15,W,0,29575
1062,1102,0.15,W,0,29578
1063,1103,0.15,W,0,29583
1064,1104,0.15,W,0,30514
1065,1105,0.15,W,0,30521
1066,1106,0.15,W,0,30526
1067,1107,0.15,W,0,35450
1068,1108,0.15,W,0,35455
1069,1109,0.15,W,0,35461
1070,1110,0.15,W,0,35467
1071,1111,0.15,W,0,35473
1072,1112,0.15,W,0,35479
1073,1113,0.15,W,0,35485
1074,1114,0.15,W,0,35492
1075,1115,0.15,W,0,35498
1076,1116,0.15,W,0,35504
1077,1117,0.15,W,0,35511
1078,1118,0.15,W,0,35519
1079,1119,0.15,W,0,35526
1080,1120,0.15,W,0,35534
1081,1121,0.15,W,0,35541
1082,1122,0.15,W,0,35548
1083,1123,0.15,W,0,35555
1084,1124,0.15,W,0,35562
1085,1125,0.15,W,0,35568
1086,1126,0.15,W,0,35574
1087,1127,0.15,W,0,35580
1088,1128,0.15,W,0,35585
1089,1129,0.15,W,0,35591
1090,1130,0.15,W,0,35597
1091,1131,0.15,W,0,35602
1092,1132,0.15,W,0,35608
1093,1133,0.15,W,0,28884
1094,1134,0.15,W,0,28925
1095,1135,0.15,W,0,28953
1096,1136,0.15,W,0,28966
1097,1137,0.15,W,0,28978
1098,1138,0.15,W,0,28990
1099,1139,0.15,W,0,29001
1100,1140,0.15,W,0,29012
1101,1141,0.15,W,0,29023
1102,1142,0.15,W,0,29034
1103,1143,0.15,W,0,29045
1104,1144,0.15,W,0,29056
1105,1145,0.15,W,0,29072
1106,1146,0.15,W,0,29092
1107,1147,0.15,W,0,29117
1108,1148,0.15,W,0,29151
1109,1149,0.15,Y,0,28884
1110,1150,0.15,Y,0,28925
1111,1151,0.15,Y,0,28953
1112,1152,0.15,Y,0,28966
1113,1153,0.15,Y,0,28978
1114,1154,0.15,Y,0,28989
1115,1155,0.15,Y,0,29001
1116,1156,0.15,Y,0,29012
1117,1157,0.15,Y,0,29023
1118,1158,0.15,Y,0,29034
1119,1159,0.15,Y,0,29045
1120,1160,0.15,Y,0,29056
1121,1161,0.15,Y,0,29072
1122,1162,0.15,Y,0,29092
1123,1163,0.15,Y,0,29117
1124,1164,0.15,Y,0,29151
1125,1165,0.15,Y,0,35689
1126,1166,0.15,Y,0,35700
1127,1167,0.15,W,0,36241
1128,1168,0.15,W,0,36247
1129,1169,0.15,W,0,36253
1130,1170,0.15,W,0,36259
1131,1171,0.15,Y,0,35743
1132,1172,0.15,Y,0,35816
1133,1173,0.15,W,0,36017
1134,1174,0.15,W,0,36090
1135,1175,0.15,W,0,36298
1136,1176,0.15,W,0,36372
1137,1177,0.15,W,0,36298
1138,1178,0.15,W,0,36372
1139,1179,0.15,Y,0,35858
1140,1180,0.15,Y,0,35867
1141,1181,0.15,Y,0,35877
1142,1182,0.15,Y,0,35886
1143,1183,0.15,Y,0,35896
1144,1184,0.15,Y,0,35907
1145,1185,0.15,Y,0,35917
1146,1186,0.15,Y,0,35927
1147,1187,0.15,W,0,36132
1148,1188,0.15,W,0,36141
1149,1189,0.15,W,0,36151
1150,1190,0.15,W,0,35886
1151,1191,0.15,W,0,36171
1152,1192,0.15,W,0,36181
1153,1193,0.15,W,0,36192
1154,1194,0.15,W,0,36202
1155,1195,0.15,W,0,36132
1156,1196,0.15,W,0,36141
1157,1197,0.15,W,0,36151
1158,1198,0.15,W,0,36160
1159,1199,0.15,W,0,36170
1160,1200,0.15,W,0,36181
1161,1201,0.15,W,0,36191
1162,1202,0.15,W,0,36202
1163,1203,0.15,Y,0,36412
1164,1204,0.15,Y,0,36419
1165,1205,0.15,Y,0,36426
1166,1206,0.15,Y,0,36433
1167,1207,0.15,Y,0,36440
1168,1208,0.15,Y,0,36447
1169,1209,0.15,Y,0,36454
1170,1210,0.15,Y,0,36460
1171,1211,0.15,Y,0,36466
1172,1212,0.15,Y,0,36472
1173,1213,0.15,Y,0,36478
1174,1214,0.15,Y,0,36483
1175,1215,0.15,Y,0,36489
1176,1216,0.15,Y,0,36494
1177,1217,0.15,Y,0,36500
1178,1218,0.15,Y,0,36506
1179,1219,0.15,W,0,36412
1180,1220,0.15,W,0,36419
1181,1221,0.15,W,0,36426
1182,1222,0.15,W,0,36432
1183,1223,0.15,W,0,36439
1184,1224,0.15,W,0,36446
1185,1225,0.15,W,0,36453
1186,1226,0.15,W,0,36460
1187,1227,0.15,W,0,36466
1188,1228,0.15,W,0,36472
1189,1229,0.15,W,0,36477
1190,1230,0.15,W,0,36483
1191,1231,0.15,W,0,36489
1192,1232,0.15,W,0,36495
1193,1233,0.15,W,0,36500
1194,1234,0.15,W,0,36506
1195,1235,0.15,W,0,36523
1196,1236,0.15,W,0,36538
1197,1237,0.15,W,0,36523
1198,1238,0.15,W,0,36538
1199,1239,0.15,W,0,30672
1200,1240,0.15,W,0,36571
1201,1241,0.15,W,0,36562
1202,1243,0.15,Y,0,32004
1203,1244,0.15,Y,0,32012
1204,1245,0.15,Y,0,32020
1205,1246,0.15,Y,0,32028
1206,1247,0.15,W,0,32004
1207,1248,0.15,W,0,32012
1208,1249,0.15,W,0,32020
1209,1250,0.15,W,0,32458
1210,1251,0.15,W,0,32435
1211,1252,0.15,W,0,32442
1212,1253,0.15,W,0,32450
1213,1254,0.15,W,0,32458
1214,1255,0.15,W,0,36709
1215,1256,0.15,W,0,36709
1216,1257,0.15,W,0,36746
1217,1258,0.15,W,0,37005
1218,1259,0.15,Y,0,37005
1219,1260,0.15,Y,0,39610
1220,1261,0.15,W,0,39610
1221,1262,0.15,W,0,39986
1222,1263,0.15,W,0,37427
1223,1264,0.15,W,0,37427
1224,1265,0.15,W,0,44629
1225,1266,0.15,W,0,45029
1226,1267,0.15,W,0,36779
1227,1268,0.15,W,0,36809
1228,1269,0.15,W,0,36907
1229,1270,0.15,W,0,36938
1230,1271,0.15,W,0,37038
1231,1272,0.15,W,0,37068
1232,1273,0.15,Y,0,37038
1233,1274,0.15,Y,0,37068
1234,1275,0.15,Y,0,39581
1235,1276,0.15,Y,0,39559
1236,1277,0.15,W,0,39957
1237,1278,0.15,W,0,39935
1238,1279,0.15,W,0,39957
1239,1280,0.15,W,0,39935
1240,1281,0.15,W,0,37315
1241,1282,0.15,W,0,37293
1242,1283,0.15,W,0,37398
1243,1284,0.15,W,0,37375
1244,1285,0.15,W,0,37272
1245,1286,0.15,W,0,37254
1246,1287,0.15,W,0,37236
1247,1288,0.15,W,0,37218
1248,1289,0.15,W,0,37272
1249,1290,0.15,W,0,37254
1250,1291,0.15,W,0,37236
1251,1292,0.15,W,0,37218
1252,1293,0.15,W,0,37804
1253,1294,0.15,W,0,37786
1254,1295,0.15,W,0,37769
1255,1296,0.15,W,0,37455
1256,1297,0.15,W,0,37804
1257,1298,0.15,W,0,37786
1258,1299,0.15,W,0,38290
1259,1300,0.15,W,0,38273
1260,1301,0.15,Y,0,38326
1261,1302,0.15,Y,0,38308
1262,1303,0.15,Y,0,38290
1263,1304,0.15,Y,0,38273
1264,1305,0.15,Y,0,39437
1265,1306,0.15,Y,0,39456
1266,1307,0.15,Y,0,39474
1267,1308,0.15,Y,0,39492
1268,1309,0.15,W,0,39813
1269,1310,0.15,W,0,39456
1270,1311,0.15,W,0,39474
1271,1312,0.15,W,0,39492
1272,1313,0.15,W,0,38794
1273,1314,0.15,W,0,38812
1274,1315,0.15,W,0,38830
1275,1316,0.15,W,0,39868
1276,1317,0.15,W,0,43540
1277,1318,0.15,W,0,38933
1278,1319,0.15,W,0,38951
1279,1320,0.15,W,0,38848
1280,1321,0.15,W,0,43247
1281,1322,0.15,W,0,38933
1282,1323,0.15,W,0,38951
1283,1324,0.15,W,0,38969
1284,1325,0.15,W,0,45697
1285,1326,0.15,W,0,39099
1286,1327,0.15,W,0,39070
1287,1328,0.15,W,0,39041
1288,1329,0.15,W,0,37618
1289,1330,0.15,W,0,37589
1290,1331,0.15,W,0,37561
1291,1332,0.15,W,0,37532
1292,1333,0.15,W,0,37914
1293,1334,0.15,W,0,37885
1294,1335,0.15,W,0,37856
1295,1336,0.15,W,0,37828
1296,1337,0.15,W,0,38436
1297,1338,0.15,W,0,38407
1298,1339,0.15,W,0,38378
1299,1340,0.15,W,0,37828
1300,1341,0.15,Y,0,38436
1301,1342,0.15,Y,0,38407
1302,1343,0.15,Y,0,38378
1303,1344,0.15,Y,0,38350
1304,1345,0.15,Y,0,39327
1305,1346,0.15,Y,0,39356
1306,1347,0.15,Y,0,39384
1307,1348,0.15,Y,0,39413
1308,1349,0.15,W,0,39327
1309,1350,0.15,W,0,39732
1310,1351,0.15,W,0,39761
1311,1352,0.15,W,0,39790
1312,1353,0.15,W,0,41810
1313,1354,0.15,W,0,41839
1314,1355,0.15,W,0,41868
1315,1356,0.15,W,0,39790
1316,1357,0.15,W,0,41810
1317,1358,0.15,W,0,41839
1318,1359,0.15,W,0,41868
1319,1360,0.15,W,0,41897
1320,1361,0.15,W,0,40506
1321,1362,0.15,W,0,40536
1322,1363,0.15,W,0,40565
1323,1364,0.15,W,0,40594
1324,1365,0.15,W,0,39188
1325,1366,0.15,W,0,39157
1326,1367,0.15,W,0,39188
1327,1368,0.15,W,0,37648
1328,1369,0.15,W,0,37679
1329,1370,0.15,W,0,37944
1330,1371,0.15,W,0,37975
1331,1372,0.15,W,0,37944
1332,1373,0.15,Y,0,38496
1333,1374,0.15,Y,0,38466
1334,1375,0.15,Y,0,39267
1335,1376,0.15,Y,0,39297
1336,1377,0.15,W,0,39267
1337,1378,0.15,W,0,39297
1338,1379,0.15,W,0,39644
1339,1380,0.15,W,0,41781
1340,1381,0.15,W,0,41751
1341,1382,0.15,W,0,40477
1342,1383,0.15,W,0,40448
1343,1384,0.15,W,0,40477
1344,1385,0.15,W,0,40072
1345,1386,0.15,W,0,40053
1346,1387,0.15,W,0,40034
1347,1388,0.15,W,0,40015
1348,1389,0.15,W,0,40149
1349,1390,0.15,W,0,40130
1350,1391,0.15,W,0,40111
1351,1392,0.15,W,0,40092
1352,1393,0.15,W,0,38102
1353,1394,0.15,W,0,38083
1354,1395,0.15,W,0,38064
1355,1396,0.15,W,0,38045
1356,1397,0.15,W,0,38623
1357,1398,0.15,W,0,38604
1358,1399,0.15,W,0,38586
1359,1400,0.15,W,0,38567
1360,1401,0.15,Y,0,38623
1361,1402,0.15,Y,0,38605
1362,1403,0.15,Y,0,38586
1363,1404,0.15,Y,0,38567
1364,1405,0.15,Y,0,41079
1365,1406,0.15,Y,0,41102
1366,1407,0.15,Y,0,41125
1367,1408,0.15,Y,0,41149
1368,1409,0.15,W,0,41352
1369,1410,0.15,W,0,41376
1370,1411,0.15,W,0,41399
1371,1412,0.15,W,0,41423
1372,1413,0.15,W,0,41626
1373,1414,0.15,W,0,41649
1374,1415,0.15,W,0,41399
1375,1416,0.15,W,0,41423
1376,1417,0.15,W,0,41626
1377,1418,0.15,W,0,41649
1378,1419,0.15,W,0,41673
1379,1420,0.15,W,0,41697
1380,1421,0.15,W,0,44244
1381,1422,0.15,W,0,44267
1382,1423,0.15,W,0,43902
1383,1424,0.15,W,0,40393
1384,1429,0.15,W,0,40161
1385,1430,0.15,W,0,40166
1386,1431,0.15,W,0,40172
1387,1432,0.15,W,0,40783
1388,1433,0.15,W,0,40163
1389,1434,0.15,W,0,40175
1390,1435,0.15,W,0,38638
1391,1436,0.15,W,0,38128
1392,1437,0.15,Y,0,38638
1393,1438,0.15,Y,0,38649
1394,1439,0.15,Y,0,41062
1395,1440,0.15,Y,0,41051
1396,1441,0.15,W,0,41335
1397,1442,0.15,W,0,41051
1398,1443,0.15,W,0,41335
1399,1444,0.15,W,0,41325
1400,1445,0.15,W,0,41609
1401,1446,0.15,W,0,41599
1402,1447,0.15,W,0,42058
1403,1448,0.15,W,0,42048
1404,1449,0.15,W,0,42210
1405,1450,0.15,W,0,42048
1406,1451,0.15,W,0,42210
1407,1452,0.15,W,0,42200
1408,1457,0.15,W,0,40802
1409,1458,0.15,W,0,40834
1410,1459,0.15,W,0,40867
1411,1460,0.15,W,0,40899
1412,1461,0.15,W,0,40802
1413,1462,0.15,W,0,40229
1414,1463,0.15,W,0,40262
1415,1464,0.15,W,0,40294
1416,1465,0.15,W,0,40197
1417,1466,0.15,W,0,38182
1418,1467,0.15,W,0,38214
1419,1468,0.15,W,0,40294
1420,1469,0.15,W,0,38150
1421,1470,0.15,W,0,38703
1422,1471,0.15,W,0,38214
1423,1472,0.15,W,0,38768
1424,1473,0.15,Y,0,38671
1425,1474,0.15,Y,0,38703
1426,1475,0.15,Y,0,38735
1427,1476,0.15,Y,0,38768
1428,1477,0.15,Y,0,41029
1429,1478,0.15,Y,0,40997
1430,1479,0.15,Y,0,40964
1431,1480,0.15,Y,0,40932
1432,1481,0.15,W,0,41029
1433,1482,0.15,W,0,41271
1434,1483,0.15,W,0,41238
1435,1484,0.15,W,0,41206
1436,1485,0.15,W,0,41577
1437,1486,0.15,W,0,41545
1438,1487,0.15,W,0,41513
1439,1488,0.15,W,0,41480
1440,1489,0.15,W,0,41577
1441,1490,0.15,W,0,41994
1442,1491,0.15,W,0,41513
1443,1492,0.15,W,0,41929
1444,1493,0.15,W,0,42027
1445,1494,0.15,W,0,41994
1446,1495,0.15,W,0,41962
1447,1496,0.15,W,0,41929
1448,1497,0.15,W,0,42179
1449,1498,0.15,W,0,42146
1450,1499,0.15,W,0,42114
1451,1500,0.15,W,0,42081
1452,1501,0.15,W,0,42599
1453,1502,0.15,W,0,42617
1454,1503,0.15,W,0,42776
1455,1504,0.15,W,0,42794
1456,1505,0.15,Y,0,14344
1457,1506,0.15,Y,0,14361
1458,1507,0.15,W,0,42632
1459,1508,0.15,W,0,42644
1460,1509,0.15,W,0,42656
1461,1510,0.15,W,0,42668
1462,1511,0.15,W,0,42809
1463,1512,0.15,W,0,42644
1464,1513,0.15,W,0,42656
1465,1514,0.15,W,0,42845
1466,1515,0.15,W,0,42809
1467,1516,0.15,W,0,42821
1468,1517,0.15,W,0,42833
1469,1518,0.15,W,0,42845
1470,1519,0.15,Y,0,42932
1471,1520,0.15,Y,0,42944
1472,1521,0.15,Y,0,43117
1473,1522,0.15,Y,0,43128
1474,1523,0.15,W,0,42679
1475,1524,0.15,W,0,42688
1476,1525,0.15,W,0,42696
1477,1526,0.15,W,0,42705
1478,1527,0.15,W,0,42714
1479,1528,0.15,W,0,42723
1480,1529,0.15,W,0,42732
1481,1530,0.15,W,0,42741
1482,1531,0.15,W,0,42748
1483,1532,0.15,W,0,42752
1484,1533,0.15,W,0,42855
1485,1534,0.15,W,0,42864
1486,1535,0.15,W,0,42697
1487,1536,0.15,W,0,42705
1488,1537,0.15,W,0,42714
1489,1538,0.15,W,0,42723
1490,1539,0.15,W,0,42732
1491,1540,0.15,W,0,42741
1492,1541,0.15,W,0,42747
1493,1542,0.15,W,0,42855
1494,1543,0.15,W,0,42864
1495,1544,0.15,W,0,42872
1496,1545,0.15,W,0,42881
1497,1546,0.15,W,0,42890
1498,1547,0.15,W,0,42898
1499,1548,0.15,W,0,42907
1500,1549,0.15,W,0,43035
1501,1550,0.15,W,0,43041
1502,1551,0.15,W,0,43138
1503,1552,0.15,W,0,42986
1504,1553,0.15,W,0,42994
1505,1554,0.15,W,0,43003
1506,1555,0.15,W,0,43011
1507,1556,0.15,W,0,43019
1508,1557,0.15,W,0,43186
1509,1558,0.15,W,0,43035
1510,1559,0.15,W,0,43042
1511,1560,0.15,Y,0,43138
1512,1561,0.15,Y,0,43146
1513,1562,0.15,Y,0,43155
1514,1563,0.15,Y,0,43163
1515,1564,0.15,Y,0,43171
1516,1565,0.15,Y,0,43179
1517,1566,0.15,Y,0,43186
1518,1567,0.15,Y,0,43194
1519,1568,0.15,Y,0,43200
1520,1569,0.15,W,0,43404
1521,1570,0.15,W,0,43400
1522,1571,0.15,W,0,43396
1523,1572,0.15,W,0,43392
1524,1573,0.15,W,0,43388
1525,1574,0.15,W,0,43384
1526,1575,0.15,W,0,43380
1527,1576,0.15,W,0,43375
1528,1577,0.15,W,0,43371
1529,1578,0.15,W,0,43368
1530,1579,0.15,W,0,43364
1531,1580,0.15,W,0,43360
1532,1581,0.15,W,0,43356
1533,1582,0.15,W,0,43352
1534,1583,0.15,W,0,43348
1535,1584,0.15,W,0,43344
1536,1585,0.15,W,0,43340
1537,1586,0.15,W,0,43336
1538,1587,0.15,W,0,43332
1539,1588,0.15,W,0,43328
1540,1589,0.15,W,0,43324
1541,1590,0.15,W,0,43320
1542,1591,0.15,W,0,43316
1543,1592,0.15,W,0,43312
1544,1593,0.15,W,0,43308
1545,1594,0.15,W,0,43304
1546,1595,0.15,W,0,43300
1547,1596,0.15,W,0,43296
1548,1597,0.15,W,0,43292
1549,1598,0.15,W,0,43288
1550,1599,0.15,W,0,43284
1551,1600,0.15,W,0,43281
1552,1601,0.15,W,0,43715
1553,1602,0.15,W,0,43710
1554,1603,0.15,W,0,43706
1555,1604,0.15,W,0,43701
1556,1605,0.15,W,0,43696
1557,1606,0.15,W,0,43692
1558,1607,0.15,W,0,43687
1559,1608,0.15,W,0,43683
1560,1609,0.15,W,0,43678
1561,1610,0.15,W,0,43674
1562,1611,0.15,W,0,43670
1563,1612,0.15,W,0,43665
1564,1613,0.15,W,0,43661
1565,1614,0.15,W,0,43657
1566,1615,0.15,W,0,43652
1567,1616,0.15,W,0,43648
1568,1617,0.15,W,0,43643
1569,1618,0.15,W,0,43639
1570,1619,0.15,W,0,43635
1571,1620,0.15,W,0,43630
1572,1621,0.15,W,0,43626
1573,1622,0.15,W,0,43621
1574,1623,0.15,W,0,43617
1575,1624,0.15,W,0,43612
1576,1625,0.15,W,0,43608
1577,1626,0.15,W,0,43603
1578,1627,0.15,W,0,43599
1579,1628,0.15,W,0,43594
1580,1629,0.15,W,0,43589
1581,1630,0.15,W,0,43585
1582,1631,0.15,W,0,43581
1583,1632,0.15,W,0,43577
1584,1633,0.15,Y,0,43715
1585,1634,0.15,Y,0,43710
1586,1635,0.15,Y,0,43706
1587,1636,0.15,Y,0,43701
1588,1637,0.15,Y,0,43697
1589,1638,0.15,Y,0,43692
1590,1639,0.15,Y,0,43687
1591,1640,0.15,Y,0,43683
1592,1641,0.15,Y,0,43678
1593,1642,0.15,Y,0,43674
1594,1643,0.15,Y,0,43670
1595,1644,0.15,Y,0,43666
1596,1645,0.15,Y,0,43661
1597,1646,0.15,Y,0,43657
1598,1647,0.15,Y,0,43653
1599,1648,0.15,Y,0,43648
1600,1649,0.15,Y,0,43644
1601,1650,0.15,Y,0,43639
1602,1651,0.15,Y,0,43635
1603,1652,0.15,Y,0,43630
1604,1653,0.15,Y,0,43626
1605,1654,0.15,Y,0,43621
1606,1655,0.15,Y,0,43617
1607,1656,0.15,Y,0,43613
1608,1657,0.15,Y,0,43608
1609,1658,0.15,Y,0,43603
1610,1659,0.15,Y,0,43599
1611,1660,0.15,Y,0,43594
1612,1661,0.15,Y,0,43589
1613,1662,0.15,Y,0,43585
1614,1663,0.15,Y,0,43581
1615,1664,0.15,Y,0,43576
1616,1665,0.15,W,0,38908
1617,1666,0.15,W,0,43244
1618,1667,0.15,W,0,43247
1619,1668,0.15,W,0,43251
1620,1669,0.15,W,0,43255
1621,1670,0.15,W,0,43258
1622,1671,0.15,W,0,43262
1623,1672,0.15,W,0,43266
1624,1673,0.15,W,0,43533
1625,1674,0.15,W,0,38912
1626,1675,0.15,W,0,38915
1627,1676,0.15,W,0,38919
1628,1677,0.15,W,0,38923
1629,1678,0.15,W,0,43553
1630,1679,0.15,W,0,43557
1631,1680,0.15,W,0,43561
1632,1681,0.15,W,0,38787
1633,1682,0.15,W,0,39811
1634,1683,0.15,W,0,38795
1635,1684,0.15,W,0,38799
1636,1685,0.15,W,0,38803
1637,1686,0.15,W,0,38928
1638,1687,0.15,W,0,43557
1639,1688,0.15,W,0,43561
1640,1689,0.15,W,0,43916
1641,1690,0.15,W,0,40369
1642,1691,0.15,W,0,40358
1643,1692,0.15,W,0,41635
1644,1693,0.15,W,0,43910
1645,1694,0.15,W,0,43894
1646,1695,0.15,W,0,44277
1647,1696,0.15,W,0,44253
1648,1697,0.15,W,0,43914
1649,1698,0.15,W,0,43894
1650,1699,0.15,W,0,40341
1651,1700,0.15,W,0,43854
1652,1701,0.15,W,0,42284
1653,1702,0.15,W,0,42264
1654,1703,0.15,W,0,42244
1655,1704,0.15,W,0,42225
1656,1705,0.15,W,0,42284
1657,1706,0.15,W,0,42265
1658,1707,0.15,W,0,42245
1659,1708,0.15,W,0,42225
1660,1709,0.15,Y,0,43940
1661,1710,0.15,Y,0,43952
1662,1711,0.15,Y,0,43963
1663,1712,0.15,Y,0,43974
1664,1713,0.15,Y,0,43986
1665,1714,0.15,Y,0,43997
1666,1715,0.15,Y,0,44008
1667,1716,0.15,Y,0,44019
1668,1717,0.15,W,0,43941
1669,1718,0.15,W,0,43952
1670,1719,0.15,W,0,43963
1671,1720,0.15,W,0,43974
1672,1721,0.15,W,0,43985
1673,1722,0.15,W,0,44382
1674,1723,0.15,W,0,44393
1675,1724,0.15,W,0,44404
1676,1725,0.15,W,0,44328
1677,1726,0.15,W,0,44339
1678,1727,0.15,W,0,44349
1679,1728,0.15,W,0,44360
1680,1729,0.15,W,0,44371
1681,1730,0.15,W,0,44382
1682,1731,0.15,W,0,44393
1683,1732,0.15,W,0,44404
1684,1733,0.15,W,0,42310
1685,1734,0.15,W,0,42320
1686,1735,0.15,W,0,42330
1687,1736,0.15,W,0,42340
1688,1737,0.15,W,0,42351
1689,1738,0.15,W,0,42362
1690,1739,0.15,W,0,42372
1691,1740,0.15,W,0,42383
1692,1741,0.15,W,0,44042
1693,1742,0.15,W,0,44052
1694,1743,0.15,W,0,44062
1695,1744,0.15,W,0,44072
1696,1745,0.15,W,0,44083
1697,1746,0.15,W,0,44095
1698,1747,0.15,W,0,44114
1699,1748,0.15,W,0,16212
1700,1749,0.15,W,0,42406
1701,1750,0.15,W,0,42414
1702,1751,0.15,W,0,42424
1703,1752,0.15,W,0,42434
1704,1753,0.15,W,0,42444
1705,1754,0.15,W,0,42455
1706,1755,0.15,W,0,42473
1707,1756,0.15,W,0,42537
1708,1757,0.15,W,0,44991
1709,1758,0.15,W,0,45006
1710,1759,0.15,W,0,44651
1711,1760,0.15,W,0,44666
1712,1761,0.15,Y,0,44622
1713,1762,0.15,Y,0,44637
1714,1763,0.15,Y,0,44651
1715,1764,0.15,Y,0,44665
1716,1765,0.15,Y,0,36771
1717,1766,0.15,Y,0,37139
1718,1767,0.15,Y,0,37154
1719,1768,0.15,Y,0,45036
1720,1769,0.15,W,0,44622
1721,1770,0.15,W,0,44637
1722,1771,0.15,W,0,44651
1723,1772,0.15,W,0,44666
1724,1773,0.15,W,0,44687
1725,1774,0.15,W,0,44693
1726,1775,0.15,W,0,44698
1727,1776,0.15,W,0,44704
1728,1777,0.15,W,0,44710
1729,1778,0.15,W,0,44716
1730,1779,0.15,W,0,44723
1731,1780,0.15,W,0,44729
1732,1781,0.15,W,0,44735
1733,1782,0.15,W,0,44742
1734,1783,0.15,W,0,44748
1735,1784,0.15,W,0,44754
1736,1785,0.15,W,0,44760
1737,1786,0.15,W,0,44766
1738,1787,0.15,W,0,44773
1739,1788,0.15,W,0,44778
1740,1789,0.15,W,0,44687
1741,1790,0.15,W,0,44693
1742,1791,0.15,W,0,44699
1743,1792,0.15,W,0,44705
1744,1793,0.15,W,0,44711
1745,1794,0.15,W,0,44717
1746,1795,0.15,W,0,44723
1747,1796,0.15,W,0,44729
1748,1797,0.15,W,0,45108
1749,1798,0.15,W,0,44742
1750,1799,0.15,W,0,44748
1751,1800,0.15,W,0,44754
1752,1801,0.15,W,0,44760
1753,1802,0.15,W,0,44767
1754,1803,0.15,W,0,44773
1755,1804,0.15,W,0,44779
1756,1805,0.15,Y,0,45057
1757,1806,0.15,Y,0,45063
1758,1807,0.15,Y,0,45070
1759,1808,0.15,Y,0,45076
1760,1809,0.15,Y,0,45082
1761,1810,0.15,Y,0,45088
1762,1811,0.15,Y,0,45095
1763,1812,0.15,Y,0,45101
1764,1813,0.15,Y,0,45108
1765,1814,0.15,Y,0,45114
1766,1815,0.15,Y,0,45121
1767,1816,0.15,Y,0,45127
1768,1817,0.15,Y,0,45134
1769,1818,0.15,Y,0,45141
1770,1819,0.15,Y,0,45147
1771,1820,0.15,Y,0,45154
1772,1821,0.15,W,0,45365
1773,1822,0.15,W,0,45371
1774,1823,0.15,W,0,45377
1775,1824,0.15,W,0,45384
1776,1825,0.15,W,0,37608
1777,1826,0.15,W,0,37615
1778,1827,0.15,W,0,39131
1779,1828,0.15,W,0,45707
1780,1829,0.15,W,0,45401
1781,1830,0.15,W,0,45405
1782,1831,0.15,W,0,45409
1783,1832,0.15,W,0,45413
1784,1833,0.15,W,0,45417
1785,1834,0.15,W,0,45421
1786,1835,0.15,W,0,45425
1787,1836,0.15,W,0,45429
1788,1837,0.15,W,0,45433
1789,1838,0.15,W,0,45437
1790,1839,0.15,W,0,45441
1791,1840,0.15,W,0,45445
1792,1841,0.15,W,0,45449
1793,1842,0.15,W,0,45453
1794,1843,0.15,W,0,45457
1795,1844,0.15,W,0,45461
1796,1845,0.15,W,0,45465
1797,1846,0.15,W,0,45469
1798,1847,0.15,W,0,45473
1799,1848,0.15,W,0,45477
1800,1849,0.15,W,0,45481
1801,1850,0.15,W,0,45485
1802,1851,0.15,W,0,45489
1803,1852,0.15,W,0,45492
1804,1853,0.15,W,0,45496
1805,1854,0.15,W,0,45500
1806,1855,0.15,W,0,45504
1807,1856,0.15,W,0,45507
1808,1857,0.15,W,0,45511
1809,1858,0.15,W,0,45515
1810,1859,0.15,W,0,45519
1811,1860,0.15,W,0,45522
1812,1861,0.15,W,0,45725
1813,1862,0.15,W,0,45729
1814,1863,0.15,W,0,45733
1815,1864,0.15,W,0,45738
1816,1865,0.15,W,0,45743
1817,1866,0.15,W,0,45747
1818,1867,0.15,W,0,45752
1819,1868,0.15,W,0,45756
1820,1869,0.15,W,0,45761
1821,1870,0.15,W,0,45765
1822,1871,0.15,W,0,45769
1823,1872,0.15,W,0,45774
1824,1873,0.15,W,0,45778
1825,1874,0.15,W,0,45783
1826,1875,0.15,W,0,45787
1827,1876,0.15,W,0,45792
1828,1877,0.15,W,0,45796
1829,1878,0.15,W,0,45800
1830,1879,0.15,W,0,45805
1831,1880,0.15,W,0,45809
1832,1881,0.15,W,0,45813
1833,1882,0.15,W,0,45818
1834,1883,0.15,W,0,45822
1835,1884,0.15,W,0,45826
1836,1885,0.15,W,0,45830
1837,1886,0.15,W,0,45834
1838,1887,0.15,W,0,45838
1839,1888,0.15,W,0,45842
1840,1889,0.15,W,0,45846
1841,1890,0.15,W,0,45851
1842,1891,0.15,W,0,45855
1843,1892,0.15,W,0,45859
1844,1893,0.15,W,0,45724
1845,1894,0.15,W,0,45729
1846,1895,0.15,W,0,45733
1847,1896,0.15,W,0,45738
1848,1897,0.15,W,0,45742
1849,1898,0.15,W,0,45747
1850,1899,0.15,W,0,45751
1851,1900,0.15,W,0,45756
1852,1901,0.15,W,0,45760
1853,1902,0.15,W,0,45765
1854,1903,0.15,W,0,45769
1855,1904,0.15,W,0,45774
1856,1905,0.15,W,0,45778
1857,1906,0.15,W,0,45783
1858,1907,0.15,W,0,45788
1859,1908,0.15,W,0,45792
1860,1909,0.15,W,0,45796
1861,1910,0.15,W,0,45801
1862,1911,0.15,W,0,45805
1863,1912,0.15,W,0,45809
1864,1913,0.15,W,0,45813
1865,1914,0.15,W,0,45818
1866,1915,0.15,W,0,45822
1867,1916,0.15,W,0,45826
1868,1917,0.15,W,0,45830
1869,1918,0.15,W,0,45834
1870,1919,0.15,W,0,45838
1871,1920,0.15,W,0,45842
1872,1921,0.15,W,0,45847
1873,1922,0.15,W,0,45851
1874,1923,0.15,W,0,45855
1875,1924,0.15,W,0,45859
1876,1925,0.15,Y,0,46072
1877,1926,0.15,Y,0,46083
1878,1927,0.15,Y,0,46095
1879,1928,0.15,Y,0,46106
1880,1929,0.15,Y,0,46117
1881,1930,0.15,Y,0,46127
1882,1931,0.15,Y,0,46137
1883,1932,0.15,Y,0,46148
1884,1933,0.15,W,0,46235
1885,1934,0.15,W,0,46247
1886,1935,0.15,W,0,46259
1887,1936,0.15,W,0,46270
1888,1937,0.15,W,0,46282
1889,1938,0.15,W,0,46293
1890,1939,0.15,W,0,46303
1891,1940,0.15,W,0,46148
1892,1941,0.15,W,0,46235
1893,1942,0.15,W,0,46247
1894,1943,0.15,W,0,46434
1895,1944,0.15,W,0,46446
1896,1945,0.15,W,0,46458
1897,1946,0.15,W,0,46469
1898,1947,0.15,W,0,46481
1899,1948,0.15,W,0,46492
1900,1949,0.15,W,0,46582
1901,1950,0.15,W,0,46594
1902,1951,0.15,W,0,46606
1903,1952,0.15,W,0,46619
1904,1953,0.15,W,0,46632
1905,1954,0.15,W,0,46644
1906,1955,0.15,W,0,46482
1907,1956,0.15,W,0,46669
1908,1957,0.15,W,0,46581
1909,1958,0.15,W,0,46594
1910,1959,0.15,W,0,46606
1911,1960,0.15,W,0,46619
1912,1961,0.15,W,0,46632
1913,1962,0.15,W,0,46645
1914,1963,0.15,W,0,46658
1915,1964,0.15,W,0,46667
1916,1965,0.15,W,0,46672
1917,1966,0.15,W,0,46677
1918,1967,0.15,Y,0,18197
1919,1968,0.15,Y,0,18203
1920,1969,0.15,Y,0,18208
1921,1970,0.15,Y,0,46040
1922,1971,0.15,Y,0,46046
1923,1972,0.15,Y,0,46053
1924,1973,0.15,Y,0,46058
1925,1974,0.15,Y,0,46063
1926,1975,0.15,W,0,18200
1927,1976,0.15,W,0,46200
1928,1977,0.15,W,0,46212
1929,1978,0.15,W,0,46223
1930,1979,0.15,W,0,46026
1931,1980,0.15,W,0,46375
1932,1981,0.15,W,0,46386
1933,1982,0.15,W,0,46397
1934,1983,0.15,W,0,27873
1935,1984,0.15,W,0,46546
1936,1985,0.15,W,0,46558
1937,1986,0.15,W,0,46569
1938,1987,0.15,W,0,32392
1939,1988,0.15,W,0,32354
1940,1989,0.15,W,0,32799
1941,1992,0.15,W,0,34864
1942,1993,0.15,W,0,34875
1943,1994,0.15,W,0,34887
1944,1995,0.15,W,0,34899
1945,1996,0.15,W,0,34913
1946,1997,0.15,W,0,34929
1947,1998,0.15,W,0,34969
1948,1999,0.15,W,0,35083
1949,2000,0.15,W,0,34864
1950,2001,0.15,W,0,34875
1951,2002,0.15,W,0,34886
1952,2003,0.15,W,0,34899
1953,2004,0.15,W,0,34913
1954,2005,0.15,W,0,912
1955,2006,0.15,W,0,953
1956,2007,0.15,W,0,1067
1957,2009,0.15,Y,0,33992
1958,2010,0.15,W,0,33992
1959,2011,0.15,Y,0,34713
1960,2012,0.15,Y,0,34709
1961,2013,0.15,W,0,34711
1962,2014,0.15,W,0,28552
1963,2015,0.15,W,0,28564
1964,2016,0.15,W,0,28323
1965,2017,0.15,W,0,34409
1966,2018,0.15,W,0,34396
1967,2019,0.15,W,0,34666
1968,2024,0.15,W,0,34386
1969,2025,0.15,W,0,31021
1970,2026,0.15,W,0,34383
1971,2027,0.15,W,0,31467
1972,2031,0.15,W,0,30569
1973,2032,0.15,W,0,36210
1974,2033,0.15,W,0,33506
1975,2034,0.15,W,0,33498
1976,2038,0.15,Y,0,32037
1977,2039,0.15,W,0,32467
1978,2040,0.15,W,0,32467
1979,2041,0.15,Y,0,28860
1980,2042,0.15,W,0,28860
1981,2043,0.15,Y,0,36513
1982,2044,0.15,W,0,36513
1983,2045,0.15,W,0,35407
1984,2046,0.15,W,0,35659
1985,2047,0.15,W,0,35644
1986,2048,0.15,W,0,35629
1987,2049,0.15,W,0,35620
1988,2050,0.15,W,0,35618
1989,2051,0.15,W,0,35615
1990,2052,0.15,W,0,35612
1991,2053,0.15,W,0,35674
1992,2054,0.15,W,0,35392
1993,2055,0.15,W,0,35378
1994,2056,0.15,W,0,35363
1995,2057,0.15,W,0,35354
1996,2058,0.15,W,0,35352
1997,2059,0.15,W,0,35349
1998,2060,0.15,W,0,35347
1999,2063,0.15,W,0,29172
2000,2064,0.15,Y,0,29173
2001,2066,0.15,Y,0,45863
2002,2067,0.15,Y,0,45867
2003,2068,0.15,W,0,45863
2004,2069,0.15,W,0,45867
2005,2070,0.15,W,0,45527
2006,2071,0.15,W,0,45531
2007,2073,0.15,Y,0,44028
2008,2074,0.15,Y,0,44035
2009,2075,0.15,W,0,44029
2010,2076,0.15,W,0,44035
2011,2077,0.15,W,0,44413
2012,2078,0.15,W,0,44419
2013,2079,0.15,W,0,42392
2014,2080,0.15,W,0,42398
2015,2083,0.15,Y,0,43929
2016,2084,0.15,W,0,43929
2017,2085,0.15,W,0,42299
2018,2086,0.15,W,0,42300
2019,2087,0.15,W,0,39227
2020,2088,0.15,W,0,39227
2021,2089,0.15,W,0,38013
2022,2090,0.15,W,0,38013
2023,2091,0.15,Y,0,38534
2024,2092,0.15,Y,0,41175
2025,2093,0.15,W,0,41448
2026,2094,0.15,W,0,41722
2027,2095,0.15,W,0,40419
2028,2096,0.15,W,0,40419
2029,2097,0.15,W,0,46155
2030,2098,0.15,W,0,39215
2031,2099,0.15,W,0,37999
2032,2100,0.15,W,0,38519
2033,2101,0.15,W,0,38518
2034,2102,0.15,W,0,46175
2035,2103,0.15,W,0,46178
2036,2104,0.15,W,0,46180
2037,2105,0.15,W,0,46156
2038,2106,0.15,W,0,39219
2039,2107,0.15,W,0,38003
2040,2108,0.15,W,0,38523
2041,2109,0.15,W,0,46172
2042,2110,0.15,W,0,41181
2043,2111,0.15,W,0,41184
2044,2112,0.15,W,0,41187
2045,2113,0.15,W,0,46323
2046,2114,0.15,W,0,37713
2047,2115,0.15,W,0,38007
2048,2116,0.15,W,0,38527
2049,2117,0.15,W,0,41175
2050,2118,0.15,W,0,41452
2051,2119,0.15,W,0,41456
2052,2120,0.15,W,0,41460
2053,2121,0.15,W,0,37738
2054,2122,0.15,W,0,38029
2055,2123,0.15,W,0,37729
2056,2124,0.15,W,0,37725
2057,2125,0.15,W,0,37722
2058,2126,0.15,W,0,39229
2059,2127,0.15,W,0,46503
2060,2128,0.15,W,0,46499
2061,2129,0.15,W,0,46525
2062,2130,0.15,W,0,46522
2063,2131,0.15,W,0,39241
2064,2132,0.15,W,0,39238
2065,2133,0.15,W,0,39236
2066,2134,0.15,W,0,39233
2067,2135,0.15,W,0,46505
2068,2136,0.15,W,0,46502
2069,2137,0.15,W,0,46694
2070,2138,0.15,W,0,46689
2071,2139,0.15,W,0,46684
2072,2140,0.15,W,0,46680
2073,2145,0.15,W,0,45393
2074,2146,0.15,W,0,45717
2075,2147,0.15,W,0,45716
2076,2148,0.15,W,0,43273
2077,2149,0.15,W,0,43569
2078,2150,0.15,W,0,43569
2079,2151,0.15,W,0,37193
2080,2152,0.15,W,0,36840
2081,2153,0.15,W,0,46752
2082,2154,0.15,W,0,46751
2083,2155,0.15,Y,0,43068
2084,2156,0.15,Y,0,46740
2085,2157,0.15,W,0,46737
2086,2158,0.15,W,0,38881
2087,2159,0.15,W,0,43052
2088,2160,0.15,W,0,43049
2089,2161,0.15,W,0,46722
2090,2162,0.15,W,0,46723
2091,2163,0.15,W,0,39011
2092,2164,0.15,W,0,39014
2093,2165,0.15,W,0,38895
2094,2166,0.15,W,0,38898
2095,2167,0.15,W,0,38902
2096,2168,0.15,W,0,43047
2097,2169,0.15,W,0,38882
2098,2170,0.15,W,0,39522
2099,2171,0.15,W,0,37096
2100,2172,0.15,W,0,36971
2101,2173,0.15,W,0,36976
2102,2174,0.15,W,0,36982
2103,2175,0.15,W,0,43048
2104,2176,0.15,W,0,38878
2105,2177,0.15,W,0,39895
2106,2178,0.15,W,0,43220
2107,2179,0.15,W,0,37103
2108,2180,0.15,W,0,37108
2109,2181,0.15,W,0,37113
2110,2186,0.15,W,0,44678
2111,2187,0.15,W,0,44678
2112,2188,0.15,Y,0,45049
2113,2189,0.15,W,0,44786
2114,2190,0.15,W,0,44794
2115,2191,0.15,W,0,44803
2116,2192,0.15,W,0,44813
2117,2193,0.15,W,0,44823
2118,2194,0.15,W,0,44833
2119,2195,0.15,W,0,44874
2120,2196,0.15,W,0,44947
2121,2197,0.15,W,0,45161
2122,2198,0.15,W,0,45170
2123,2199,0.15,W,0,45179
2124,2200,0.15,W,0,45190
2125,2201,0.15,W,0,45201
2126,2202,0.15,W,0,45214
2127,2203,0.15,W,0,16396
2128,2204,0.15,W,0,15010
2129,2207,0.15,W,0,43412
2130,2208,0.15,W,0,43408
2131,2209,0.15,Y,0,43722
2132,2210,0.15,Y,0,43719
