LID,BPID,FPID,BLID,FLID
1,46770,46771,0,2
2,46772,46773,1,3
3,46774,46775,2,4
4,46776,46777,3,0
5,46778,46779,0,6
6,46780,46781,5,7
7,46782,46783,6,8
8,46784,46785,7,0
9,46786,46787,0,10
10,46788,46789,9,11
11,46790,46791,10,12
12,46792,46793,11,0
13,46794,46795,0,14
14,46796,46797,13,15
15,46798,46799,14,16
16,46800,46801,15,0
17,46802,46803,0,18
18,46804,46805,17,19
19,46806,46807,18,20
20,46808,46809,19,0
21,46810,46811,0,22
22,46812,46813,21,23
23,46814,46815,22,24
24,46816,46817,23,0
25,46818,46819,0,26
26,46820,46821,25,27
27,46822,46823,26,28
28,46824,46825,27,0
29,46826,46827,0,30
30,46828,46829,29,31
31,46830,46831,30,32
32,46832,46833,31,0
33,46834,46835,0,34
34,46836,46837,33,35
35,46838,46839,34,36
36,46840,46841,35,0
37,46842,46843,0,38
38,46844,46845,37,39
39,46846,46847,38,40
40,46848,46849,39,0
41,46850,46851,0,42
42,46852,46853,41,43
43,46854,46855,42,44
44,46856,46857,43,0
45,46858,46859,0,46
46,46860,46861,45,47
47,46862,46863,46,48
48,46864,46865,47,0
49,46866,46867,0,50
50,46868,46869,49,51
51,46870,46871,50,52
52,46872,46873,51,53
53,46874,46875,52,54
54,46876,46877,53,55
55,46878,46879,54,0
56,46880,46881,0,57
57,46882,46883,56,58
58,46884,46885,57,59
59,46886,46887,58,60
60,46888,46889,59,61
61,46890,46891,60,62
62,46892,46893,61,0
63,46894,46895,0,64
64,46896,46897,63,65
65,46898,46899,64,66
66,46900,46901,65,0
67,46902,46903,0,68
68,46904,46905,67,69
69,46906,46907,68,70
70,46908,46909,69,0
71,46910,46911,0,72
72,46912,46913,71,73
73,46914,46915,72,74
74,46916,46917,73,0
75,46918,46919,0,76
76,46920,46921,75,77
77,46922,46923,76,78
78,46924,46925,77,0
79,46926,46927,0,80
80,46928,46929,79,81
81,46930,46931,80,82
82,46932,46933,81,0
83,46934,46935,0,84
84,46936,46937,83,85
85,46938,46939,84,86
86,46940,46941,85,0
87,46942,46943,0,88
88,46944,46945,87,89
89,46946,46947,88,90
90,46948,46949,89,0
91,46950,46951,0,92
92,46952,46953,91,93
93,46954,46955,92,94
94,46956,46957,93,0
95,46958,46959,0,96
96,46960,46961,95,97
97,46962,46963,96,98
98,46964,46965,97,0
99,46966,46967,0,100
100,46968,46969,99,101
101,46970,46971,100,102
102,46972,46973,101,0
103,46974,46975,0,104
104,46976,46977,103,105
105,46978,46979,104,106
106,46980,46981,105,107
107,46982,46983,106,0
108,46984,46985,0,109
109,46986,46987,108,110
110,46988,46989,109,111
111,46990,46991,110,112
112,46992,46993,111,0
113,46994,46995,0,114
114,46996,46997,113,115
115,46998,46999,114,0
116,47000,47001,0,117
117,47002,47003,116,118
118,47004,47005,117,119
119,47006,47007,118,0
120,47008,47009,0,121
121,47010,47011,120,122
122,47012,47013,121,123
123,47014,47015,122,0
124,47016,47017,0,125
125,47018,47019,124,126
126,47020,47021,125,127
127,47022,47023,126,0
128,47024,47025,0,129
129,47026,47027,128,130
130,47028,47029,129,131
131,47030,47031,130,0
132,47032,47033,0,133
133,47034,47035,132,134
134,47036,47037,133,135
135,47038,47039,134,0
136,47040,47041,0,137
137,47042,47043,136,138
138,47044,47045,137,139
139,47046,47047,138,0
140,47048,47049,0,141
141,47050,47051,140,142
142,47052,47053,141,143
143,47054,47055,142,0
144,47056,47057,0,145
145,47058,47059,144,146
146,47060,47061,145,147
147,47062,47063,146,0
148,47064,47065,0,149
149,47066,47067,148,150
150,47068,47069,149,151
151,47070,47071,150,0
152,47072,47073,0,153
153,47074,47075,152,154
154,47076,47077,153,155
155,47078,47079,154,0
156,47080,47081,0,157
157,47082,47083,156,158
158,47084,47085,157,159
159,47086,47087,158,0
160,47088,47089,0,161
161,47090,47091,160,162
162,47092,47093,161,163
163,47094,47095,162,0
164,47096,47097,0,165
165,47098,47099,164,0
166,47100,47101,0,167
167,47102,47103,166,168
168,47104,47105,167,169
169,47106,47107,168,170
170,47108,47109,169,171
171,47110,47111,170,172
172,47112,47113,171,173
173,47114,47115,172,174
174,47116,47117,173,175
175,47118,47119,174,176
176,47120,47121,175,177
177,47122,47123,176,178
178,47124,47125,177,179
179,47126,47127,178,180
180,47128,47129,179,181
181,47130,47131,180,0
182,47132,47133,0,183
183,47134,47135,182,184
184,47136,47137,183,185
185,47138,47139,184,186
186,47140,47141,185,187
187,47142,47143,186,188
188,47144,47145,187,189
189,47146,47147,188,190
190,47148,47149,189,191
191,47150,47151,190,192
192,47152,47153,191,193
193,47154,47155,192,194
194,47156,47157,193,195
195,47158,47159,194,196
196,47160,47161,195,197
197,47162,47163,196,0
198,47164,47165,0,199
199,47166,47167,198,200
200,47168,47169,199,201
201,47170,47171,200,202
202,47172,47173,201,203
203,47174,47175,202,204
204,47176,47177,203,205
205,47178,47179,204,206
206,47180,47181,205,207
207,47182,47183,206,208
208,47184,47185,207,209
209,47186,47187,208,210
210,47188,47189,209,211
211,47190,47191,210,212
212,47192,47193,211,213
213,47194,47195,212,0
214,47196,47197,0,215
215,47198,47199,214,216
216,47200,47201,215,217
217,47202,47203,216,218
218,47204,47205,217,219
219,47206,47207,218,220
220,47208,47209,219,221
221,47210,47211,220,222
222,47212,47213,221,223
223,47214,47215,222,224
224,47216,47217,223,225
225,47218,47219,224,226
226,47220,47221,225,227
227,47222,47223,226,228
228,47224,47225,227,229
229,47226,47227,228,0
230,47228,47229,0,231
231,47230,47231,230,232
232,47232,47233,231,233
233,47234,47235,232,0
234,47236,47237,0,235
235,47238,47239,234,236
236,47240,47241,235,237
237,47242,47243,236,0
238,47244,47245,0,239
239,47246,47247,238,240
240,47248,47249,239,241
241,47250,47251,240,0
242,47252,47253,0,243
243,47254,47255,242,244
244,47256,47257,243,245
245,47258,47259,244,0
246,47260,47261,0,247
247,47262,47263,246,248
248,47264,47265,247,249
249,47266,47267,248,0
250,47268,47269,0,251
251,47270,47271,250,252
252,47272,47273,251,253
253,47274,47275,252,0
254,47276,47277,0,255
255,47278,47279,254,256
256,47280,47281,255,257
257,47282,47283,256,0
258,47284,47285,0,259
259,47286,47287,258,260
260,47288,47289,259,261
261,47290,47291,260,0
262,47292,47293,0,263
263,47294,47295,262,264
264,47296,47297,263,265
265,47298,47299,264,0
266,47300,47301,0,267
267,47302,47303,266,268
268,47304,47305,267,269
269,47306,47307,268,0
270,47308,47309,0,271
271,47310,47311,270,272
272,47312,47313,271,273
273,47314,47315,272,0
274,47316,47317,0,275
275,47318,47319,274,276
276,47320,47321,275,277
277,47322,47323,276,0
278,47324,47325,0,279
279,47326,47327,278,280
280,47328,47329,279,281
281,47330,47331,280,0
282,47332,47333,0,283
283,47334,47335,282,284
284,47336,47337,283,285
285,47338,47339,284,0
286,47340,47341,0,287
287,47342,47343,286,288
288,47344,47345,287,289
289,47346,47347,288,0
290,47348,47349,0,291
291,47350,47351,290,292
292,47352,47353,291,293
293,47354,47355,292,0
294,47356,47357,0,295
295,47358,47359,294,296
296,47360,47361,295,297
297,47362,47363,296,0
298,47364,47365,0,299
299,47366,47367,298,300
300,47368,47369,299,301
301,47370,47371,300,0
302,47372,47373,0,303
303,47374,47375,302,304
304,47376,47377,303,305
305,47378,47379,304,0
306,47380,47381,0,307
307,47382,47383,306,308
308,47384,47385,307,309
309,47386,47387,308,0
310,47388,47389,0,311
311,47390,47391,310,312
312,47392,47393,311,313
313,47394,47395,312,0
314,47396,47397,0,315
315,47398,47399,314,316
316,47400,47401,315,317
317,47402,47403,316,0
318,47404,47405,0,319
319,47406,47407,318,320
320,47408,47409,319,321
321,47410,47411,320,0
322,47412,47413,0,323
323,47414,47415,322,324
324,47416,47417,323,325
325,47418,47419,324,0
326,47420,47421,0,327
327,47422,47423,326,328
328,47424,47425,327,329
329,47426,47427,328,0
330,47428,47429,0,331
331,47430,47431,330,332
332,47432,47433,331,333
333,47434,47435,332,0
334,47436,47437,0,335
335,47438,47439,334,336
336,47440,47441,335,337
337,47442,47443,336,0
338,47444,47445,0,339
339,47446,47447,338,340
340,47448,47449,339,341
341,47450,47451,340,0
342,47452,47453,0,343
343,47454,47455,342,344
344,47456,47457,343,345
345,47458,47459,344,0
346,47460,47461,0,347
347,47462,47463,346,348
348,47464,47465,347,349
349,47466,47467,348,0
350,47468,47469,0,351
351,47470,47471,350,352
352,47472,47473,351,353
353,47474,47475,352,0
354,47476,47477,0,355
355,47478,47479,354,356
356,47480,47481,355,357
357,47482,47483,356,0
358,47484,47485,0,359
359,47486,47487,358,360
360,47488,47489,359,361
361,47490,47491,360,0
362,47492,47493,0,363
363,47494,47495,362,364
364,47496,47497,363,365
365,47498,47499,364,0
366,47500,47501,0,367
367,47502,47503,366,0
368,47504,47505,0,369
369,47506,47507,368,0
370,47508,47509,0,0
371,47510,47511,0,372
372,47512,47513,371,0
373,47514,47515,0,374
374,47516,47517,373,0
375,47518,47519,0,376
376,47520,47521,375,0
377,47522,47523,0,378
378,47524,47525,377,0
379,47526,47527,0,380
380,47528,47529,379,0
381,47530,47531,0,382
382,47532,47533,381,0
383,47534,47535,0,384
384,47536,47537,383,0
385,47538,47539,0,386
386,47540,47541,385,0
387,47542,47543,0,388
388,47544,47545,387,0
389,47546,47547,0,390
390,47548,47549,389,0
391,47550,47551,0,392
392,47552,47553,391,393
393,47554,47555,392,394
394,47556,47557,393,395
395,47558,47559,394,396
396,47560,47561,395,397
397,47562,47563,396,398
398,47564,47565,397,0
399,47566,47567,0,400
400,47568,47569,399,401
401,47570,47571,400,402
402,47572,47573,401,403
403,47574,47575,402,404
404,47576,47577,403,405
405,47578,47579,404,406
406,47580,47581,405,0
407,47582,47583,0,408
408,47584,47585,407,409
409,47586,47587,408,410
410,47588,47589,409,411
411,47590,47591,410,412
412,47592,47593,411,413
413,47594,47595,412,414
414,47596,47597,413,0
415,47598,47599,0,416
416,47600,47601,415,0
417,47602,47603,0,418
418,47604,47605,417,0
419,47606,47607,0,420
420,47608,47609,419,0
421,47610,47611,0,422
422,47612,47613,421,0
423,47614,47615,0,424
424,47616,47617,423,0
425,47618,47619,0,426
426,47620,47621,425,0
427,47622,47623,0,428
428,47624,47625,427,0
429,47626,47627,0,430
430,47628,47629,429,0
431,47630,47631,0,432
432,47632,47633,431,0
433,47634,47635,0,434
434,47636,47637,433,0
435,47638,47639,0,436
436,47640,47641,435,437
437,47642,47643,436,438
438,47644,47645,437,439
439,47646,47647,438,440
440,47648,47649,439,441
441,47650,47651,440,442
442,47652,47653,441,443
443,47654,47655,442,0
444,47656,47657,0,445
445,47658,47659,444,446
446,47660,47661,445,447
447,47662,47663,446,448
448,47664,47665,447,449
449,47666,47667,448,450
450,47668,47669,449,451
451,47670,47671,450,452
452,47672,47673,451,453
453,47674,47675,452,0
454,47676,47677,0,455
455,47678,47679,454,456
456,47680,47681,455,457
457,47682,47683,456,0
458,47684,47685,0,459
459,47686,47687,458,460
460,47688,47689,459,461
461,47690,47691,460,0
462,47692,47693,0,463
463,47694,47695,462,464
464,47696,47697,463,465
465,47698,47699,464,0
466,47700,47701,0,467
467,47702,47703,466,468
468,47704,47705,467,469
469,47706,47707,468,0
470,47708,47709,0,471
471,47710,47711,470,472
472,47712,47713,471,473
473,47714,47715,472,0
474,47716,47717,0,475
475,47718,47719,474,476
476,47720,47721,475,477
477,47722,47723,476,0
478,47724,47725,0,479
479,47726,47727,478,480
480,47728,47729,479,481
481,47730,47731,480,0
482,47732,47733,0,483
483,47734,47735,482,484
484,47736,47737,483,485
485,47738,47739,484,0
486,47740,47741,0,487
487,47742,47743,486,488
488,47744,47745,487,489
489,47746,47747,488,0
490,47748,47749,0,491
491,47750,47751,490,492
492,47752,47753,491,493
493,47754,47755,492,0
494,47756,47757,0,495
495,47758,47759,494,496
496,47760,47761,495,497
497,47762,47763,496,498
498,47764,47765,497,499
499,47766,47767,498,500
500,47768,47769,499,0
501,47770,47771,0,502
502,47772,47773,501,503
503,47774,47775,502,504
504,47776,47777,503,505
505,47778,47779,504,506
506,47780,47781,505,507
507,47782,47783,506,0
508,47784,47785,0,509
509,47786,47787,508,510
510,47788,47789,509,511
511,47790,47791,510,0
512,47792,47793,0,513
513,47794,47795,512,514
514,47796,47797,513,515
515,47798,47799,514,0
516,47800,47801,0,517
517,47802,47803,516,518
518,47804,47805,517,519
519,47806,47807,518,0
520,47808,47809,0,521
521,47810,47811,520,522
522,47812,47813,521,523
523,47814,47815,522,0
524,47816,47817,0,525
525,47818,47819,524,526
526,47820,47821,525,527
527,47822,47823,526,0
528,47824,47825,0,529
529,47826,47827,528,530
530,47828,47829,529,531
531,47830,47831,530,0
532,47832,47833,0,533
533,47834,47835,532,534
534,47836,47837,533,535
535,47838,47839,534,0
536,47840,47841,0,537
537,47842,47843,536,538
538,47844,47845,537,539
539,47846,47847,538,0
540,47848,47849,0,541
541,47850,47851,540,542
542,47852,47853,541,543
543,47854,47855,542,0
544,47856,47857,0,545
545,47858,47859,544,546
546,47860,47861,545,547
547,47862,47863,546,0
548,47864,47865,0,549
549,47866,47867,548,550
550,47868,47869,549,551
551,47870,47871,550,552
552,47872,47873,551,553
553,47874,47875,552,554
554,47876,47877,553,555
555,47878,47879,554,556
556,47880,47881,555,557
557,47882,47883,556,558
558,47884,47885,557,559
559,47886,47887,558,560
560,47888,47889,559,561
561,47890,47891,560,562
562,47892,47893,561,563
563,47894,47895,562,0
564,47896,47897,0,565
565,47898,47899,564,566
566,47900,47901,565,567
567,47902,47903,566,568
568,47904,47905,567,569
569,47906,47907,568,570
570,47908,47909,569,571
571,47910,47911,570,572
572,47912,47913,571,573
573,47914,47915,572,574
574,47916,47917,573,575
575,47918,47919,574,576
576,47920,47921,575,577
577,47922,47923,576,578
578,47924,47925,577,579
579,47926,47927,578,0
580,47928,47929,0,581
581,47930,47931,580,582
582,47932,47933,581,583
583,47934,47935,582,584
584,47936,47937,583,585
585,47938,47939,584,586
586,47940,47941,585,587
587,47942,47943,586,588
588,47944,47945,587,589
589,47946,47947,588,590
590,47948,47949,589,591
591,47950,47951,590,592
592,47952,47953,591,593
593,47954,47955,592,594
594,47956,47957,593,595
595,47958,47959,594,0
596,47960,47961,0,0
597,47962,47963,0,0
598,47964,47965,0,0
599,47966,47967,0,0
600,47968,47969,0,0
601,47970,47971,0,0
602,47972,47973,0,0
603,47974,47975,0,0
604,47976,47977,0,0
605,47978,47979,0,0
606,47980,47981,0,0
607,47982,47983,0,0
608,47984,47985,0,609
609,47986,47987,608,0
610,47988,47989,0,611
611,47990,47991,610,0
612,47992,47993,0,613
613,47994,47995,612,0
614,47996,47997,0,615
615,47998,47999,614,0
616,48000,48001,0,617
617,48002,48003,616,0
618,48004,48005,0,619
619,48006,48007,618,0
620,48008,48009,0,621
621,48010,48011,620,0
622,48012,48013,0,623
623,48014,48015,622,0
624,48016,48017,0,625
625,48018,48019,624,0
626,48020,48021,0,627
627,48022,48023,626,0
628,48024,48025,0,629
629,48026,48027,628,0
630,48028,48029,0,631
631,48030,48031,630,0
632,48032,48033,0,633
633,48034,48035,632,634
634,48036,48037,633,635
635,48038,48039,634,0
636,48040,48041,0,637
637,48042,48043,636,638
638,48044,48045,637,639
639,48046,48047,638,0
640,48048,48049,0,641
641,48050,48051,640,642
642,48052,48053,641,643
643,48054,48055,642,0
644,48056,48057,0,645
645,48058,48059,644,646
646,48060,48061,645,647
647,48062,48063,646,0
648,48064,48065,0,649
649,48066,48067,648,650
650,48068,48069,649,651
651,48070,48071,650,0
652,48072,48073,0,653
653,48074,48075,652,654
654,48076,48077,653,655
655,48078,48079,654,0
656,48080,48081,0,657
657,48082,48083,656,658
658,48084,48085,657,659
659,48086,48087,658,0
660,48088,48089,0,661
661,48090,48091,660,662
662,48092,48093,661,663
663,48094,48095,662,0
664,48096,48097,0,665
665,48098,48099,664,666
666,48100,48101,665,667
667,48102,48103,666,0
668,48104,48105,0,669
669,48106,48107,668,670
670,48108,48109,669,671
671,48110,48111,670,0
672,48112,48113,0,673
673,48114,48115,672,674
674,48116,48117,673,675
675,48118,48119,674,0
676,48120,48121,0,677
677,48122,48123,676,678
678,48124,48125,677,679
679,48126,48127,678,0
680,48128,48129,0,681
681,48130,48131,680,682
682,48132,48133,681,683
683,48134,48135,682,0
684,48136,48137,0,685
685,48138,48139,684,686
686,48140,48141,685,687
687,48142,48143,686,0
688,48144,48145,0,689
689,48146,48147,688,690
690,48148,48149,689,691
691,48150,48151,690,0
692,48152,48153,0,693
693,48154,48155,692,694
694,48156,48157,693,695
695,48158,48159,694,0
696,48160,48161,0,697
697,48162,48163,696,698
698,48164,48165,697,699
699,48166,48167,698,0
700,48168,48169,0,701
701,48170,48171,700,702
702,48172,48173,701,703
703,48174,48175,702,0
704,48176,48177,0,705
705,48178,48179,704,706
706,48180,48181,705,707
707,48182,48183,706,0
708,48184,48185,0,709
709,48186,48187,708,710
710,48188,48189,709,711
711,48190,48191,710,0
712,48192,48193,0,713
713,48194,48195,712,714
714,48196,48197,713,715
715,48198,48199,714,0
716,48200,48201,0,717
717,48202,48203,716,718
718,48204,48205,717,719
719,48206,48207,718,0
720,48208,48209,0,721
721,48210,48211,720,0
722,48212,48213,0,723
723,48214,48215,722,0
724,48216,48217,0,725
725,48218,48219,724,0
726,48220,48221,0,727
727,48222,48223,726,0
728,48224,48225,0,729
729,48226,48227,728,0
730,48228,48229,0,731
731,48230,48231,730,0
732,48232,48233,0,733
733,48234,48235,732,0
734,48236,48237,0,735
735,48238,48239,734,0
736,48240,48241,0,737
737,48242,48243,736,0
738,48244,48245,0,739
739,48246,48247,738,0
740,48248,48249,0,741
741,48250,48251,740,0
742,48252,48253,0,743
743,48254,48255,742,0
744,48256,48257,0,745
745,48258,48259,744,0
746,48260,48261,0,747
747,48262,48263,746,0
748,48264,48265,0,749
749,48266,48267,748,0
750,48268,48269,0,751
751,48270,48271,750,0
752,48272,48273,0,0
753,48274,48275,0,0
754,48276,48277,0,0
755,48278,48279,0,0
756,48280,48281,0,0
757,48282,48283,0,0
758,48284,48285,0,0
759,48286,48287,0,0
760,48288,48289,0,761
761,48290,48291,760,762
762,48292,48293,761,763
763,48294,48295,762,764
764,48296,48297,763,765
765,48298,48299,764,0
766,48300,48301,0,767
767,48302,48303,766,768
768,48304,48305,767,769
769,48306,48307,768,770
770,48308,48309,769,771
771,48310,48311,770,0
772,48312,48313,0,773
773,48314,48315,772,774
774,48316,48317,773,775
775,48318,48319,774,776
776,48320,48321,775,777
777,48322,48323,776,0
778,48324,48325,0,779
779,48326,48327,778,780
780,48328,48329,779,781
781,48330,48331,780,782
782,48332,48333,781,783
783,48334,48335,782,0
784,48336,48337,0,785
785,48338,48339,784,786
786,48340,48341,785,787
787,48342,48343,786,0
788,48344,48345,0,789
789,48346,48347,788,790
790,48348,48349,789,791
791,48350,48351,790,0
792,48352,48353,0,793
793,48354,48355,792,794
794,48356,48357,793,795
795,48358,48359,794,0
796,48360,48361,0,797
797,48362,48363,796,798
798,48364,48365,797,799
799,48366,48367,798,0
800,48368,48369,0,801
801,48370,48371,800,0
802,48372,48373,0,803
803,48374,48375,802,0
804,48376,48377,0,805
805,48378,48379,804,0
806,48380,48381,0,807
807,48382,48383,806,0
808,48384,48385,0,809
809,48386,48387,808,0
810,48388,48389,0,0
811,48390,48391,0,0
812,48392,48393,0,0
813,48394,48395,0,0
814,48396,48397,0,815
815,48398,48399,814,816
816,48400,48401,815,817
817,48402,48403,816,0
818,48404,48405,0,819
819,48406,48407,818,820
820,48408,48409,819,821
821,48410,48411,820,0
822,48412,48413,0,823
823,48414,48415,822,824
824,48416,48417,823,825
825,48418,48419,824,0
826,48420,48421,0,827
827,48422,48423,826,828
828,48424,48425,827,829
829,48426,48427,828,0
830,48428,48429,0,831
831,48430,48431,830,832
832,48432,48433,831,833
833,48434,48435,832,0
834,48436,48437,0,835
835,48438,48439,834,836
836,48440,48441,835,837
837,48442,48443,836,0
838,48444,48445,0,839
839,48446,48447,838,840
840,48448,48449,839,841
841,48450,48451,840,0
842,48452,48453,0,843
843,48454,48455,842,844
844,48456,48457,843,845
845,48458,48459,844,0
846,48460,48461,0,847
847,48462,48463,846,848
848,48464,48465,847,849
849,48466,48467,848,0
850,48468,48469,0,851
851,48470,48471,850,852
852,48472,48473,851,853
853,48474,48475,852,0
854,48476,48477,0,855
855,48478,48479,854,856
856,48480,48481,855,857
857,48482,48483,856,0
858,48484,48485,0,859
859,48486,48487,858,860
860,48488,48489,859,861
861,48490,48491,860,0
862,48492,48493,0,863
863,48494,48495,862,864
864,48496,48497,863,865
865,48498,48499,864,0
866,48500,48501,0,867
867,48502,48503,866,868
868,48504,48505,867,869
869,48506,48507,868,0
870,48508,48509,0,871
871,48510,48511,870,872
872,48512,48513,871,873
873,48514,48515,872,0
874,48516,48517,0,875
875,48518,48519,874,876
876,48520,48521,875,877
877,48522,48523,876,0
878,48524,48525,0,879
879,48526,48527,878,880
880,48528,48529,879,881
881,48530,48531,880,0
882,48532,48533,0,883
883,48534,48535,882,884
884,48536,48537,883,885
885,48538,48539,884,0
886,48540,48541,0,887
887,48542,48543,886,888
888,48544,48545,887,889
889,48546,48547,888,890
890,48548,48549,889,891
891,48550,48551,890,892
892,48552,48553,891,893
893,48554,48555,892,0
894,48556,48557,0,895
895,48558,48559,894,896
896,48560,48561,895,897
897,48562,48563,896,898
898,48564,48565,897,899
899,48566,48567,898,900
900,48568,48569,899,901
901,48570,48571,900,0
902,48572,48573,0,903
903,48574,48575,902,904
904,48576,48577,903,905
905,48578,48579,904,0
906,48580,48581,0,907
907,48582,48583,906,908
908,48584,48585,907,909
909,48586,48587,908,0
910,48588,48589,0,911
911,48590,48591,910,912
912,48592,48593,911,913
913,48594,48595,912,0
914,48596,48597,0,915
915,48598,48599,914,916
916,48600,48601,915,917
917,48602,48603,916,918
918,48604,48605,917,919
919,48606,48607,918,920
920,48608,48609,919,921
921,48610,48611,920,922
922,48612,48613,921,923
923,48614,48615,922,924
924,48616,48617,923,925
925,48618,48619,924,926
926,48620,48621,925,927
927,48622,48623,926,928
928,48624,48625,927,929
929,48626,48627,928,930
930,48628,48629,929,0
931,48630,48631,0,932
932,48632,48633,931,933
933,48634,48635,932,934
934,48636,48637,933,935
935,48638,48639,934,936
936,48640,48641,935,937
937,48642,48643,936,938
938,48644,48645,937,939
939,48646,48647,938,940
940,48648,48649,939,941
941,48650,48651,940,942
942,48652,48653,941,943
943,48654,48655,942,944
944,48656,48657,943,945
945,48658,48659,944,946
946,48660,48661,945,947
947,48662,48663,946,0
948,48664,48665,0,949
949,48666,48667,948,950
950,48668,48669,949,951
951,48670,48671,950,952
952,48672,48673,951,953
953,48674,48675,952,954
954,48676,48677,953,955
955,48678,48679,954,956
956,48680,48681,955,957
957,48682,48683,956,958
958,48684,48685,957,959
959,48686,48687,958,960
960,48688,48689,959,961
961,48690,48691,960,962
962,48692,48693,961,963
963,48694,48695,962,964
964,48696,48697,963,0
965,48698,48699,0,966
966,48700,48701,965,967
967,48702,48703,966,968
968,48704,48705,967,969
969,48706,48707,968,970
970,48708,48709,969,971
971,48710,48711,970,972
972,48712,48713,971,973
973,48714,48715,972,974
974,48716,48717,973,975
975,48718,48719,974,976
976,48720,48721,975,977
977,48722,48723,976,978
978,48724,48725,977,979
979,48726,48727,978,980
980,48728,48729,979,0
981,48730,48731,0,982
982,48732,48733,981,983
983,48734,48735,982,984
984,48736,48737,983,985
985,48738,48739,984,986
986,48740,48741,985,987
987,48742,48743,986,988
988,48744,48745,987,989
989,48746,48747,988,990
990,48748,48749,989,991
991,48750,48751,990,992
992,48752,48753,991,993
993,48754,48755,992,994
994,48756,48757,993,995
995,48758,48759,994,996
996,48760,48761,995,0
997,48762,48763,0,998
998,48764,48765,997,999
999,48766,48767,998,1000
1000,48768,48769,999,0
1001,48770,48771,0,1002
1002,48772,48773,1001,1003
1003,48774,48775,1002,1004
1004,48776,48777,1003,0
1005,48778,48779,0,1006
1006,48780,48781,1005,1007
1007,48782,48783,1006,1008
1008,48784,48785,1007,1009
1009,48786,48787,1008,1010
1010,48788,48789,1009,1011
1011,48790,48791,1010,1012
1012,48792,48793,1011,1013
1013,48794,48795,1012,1014
1014,48796,48797,1013,1015
1015,48798,48799,1014,1016
1016,48800,48801,1015,1017
1017,48802,48803,1016,1018
1018,48804,48805,1017,1019
1019,48806,48807,1018,1020
1020,48808,48809,1019,1021
1021,48810,48811,1020,1022
1022,48812,48813,1021,1023
1023,48814,48815,1022,1024
1024,48816,48817,1023,1025
1025,48818,48819,1024,1026
1026,48820,48821,1025,1027
1027,48822,48823,1026,1028
1028,48824,48825,1027,1029
1029,48826,48827,1028,1030
1030,48828,48829,1029,1031
1031,48830,48831,1030,1032
1032,48832,48833,1031,1033
1033,48834,48835,1032,1034
1034,48836,48837,1033,1035
1035,48838,48839,1034,1036
1036,48840,48841,1035,0
1037,48842,48843,0,1038
1038,48844,48845,1037,1039
1039,48846,48847,1038,1040
1040,48848,48849,1039,1041
1041,48850,48851,1040,1042
1042,48852,48853,1041,1043
1043,48854,48855,1042,1044
1044,48856,48857,1043,1045
1045,48858,48859,1044,1046
1046,48860,48861,1045,1047
1047,48862,48863,1046,1048
1048,48864,48865,1047,1049
1049,48866,48867,1048,1050
1050,48868,48869,1049,1051
1051,48870,48871,1050,1052
1052,48872,48873,1051,1053
1053,48874,48875,1052,1054
1054,48876,48877,1053,1055
1055,48878,48879,1054,1056
1056,48880,48881,1055,1057
1057,48882,48883,1056,1058
1058,48884,48885,1057,1059
1059,48886,48887,1058,1060
1060,48888,48889,1059,1061
1061,48890,48891,1060,1062
1062,48892,48893,1061,1063
1063,48894,48895,1062,1064
1064,48896,48897,1063,1065
1065,48898,48899,1064,1066
1066,48900,48901,1065,1067
1067,48902,48903,1066,1068
1068,48904,48905,1067,0
1069,48906,48907,0,1070
1070,48908,48909,1069,1071
1071,48910,48911,1070,1072
1072,48912,48913,1071,1073
1073,48914,48915,1072,1074
1074,48916,48917,1073,1075
1075,48918,48919,1074,1076
1076,48920,48921,1075,1077
1077,48922,48923,1076,1078
1078,48924,48925,1077,1079
1079,48926,48927,1078,1080
1080,48928,48929,1079,1081
1081,48930,48931,1080,1082
1082,48932,48933,1081,1083
1083,48934,48935,1082,1084
1084,48936,48937,1083,1085
1085,48938,48939,1084,1086
1086,48940,48941,1085,1087
1087,48942,48943,1086,1088
1088,48944,48945,1087,1089
1089,48946,48947,1088,1090
1090,48948,48949,1089,1091
1091,48950,48951,1090,1092
1092,48952,48953,1091,1093
1093,48954,48955,1092,1094
1094,48956,48957,1093,1095
1095,48958,48959,1094,1096
1096,48960,48961,1095,1097
1097,48962,48963,1096,1098
1098,48964,48965,1097,1099
1099,48966,48967,1098,1100
1100,48968,48969,1099,0
1101,48970,48971,0,1102
1102,48972,48973,1101,1103
1103,48974,48975,1102,1104
1104,48976,48977,1103,1105
1105,48978,48979,1104,1106
1106,48980,48981,1105,1107
1107,48982,48983,1106,1108
1108,48984,48985,1107,1109
1109,48986,48987,1108,1110
1110,48988,48989,1109,1111
1111,48990,48991,1110,1112
1112,48992,48993,1111,1113
1113,48994,48995,1112,1114
1114,48996,48997,1113,1115
1115,48998,48999,1114,1116
1116,49000,49001,1115,1117
1117,49002,49003,1116,1118
1118,49004,49005,1117,1119
1119,49006,49007,1118,1120
1120,49008,49009,1119,1121
1121,49010,49011,1120,1122
1122,49012,49013,1121,1123
1123,49014,49015,1122,1124
1124,49016,49017,1123,1125
1125,49018,49019,1124,1126
1126,49020,49021,1125,1127
1127,49022,49023,1126,1128
1128,49024,49025,1127,1129
1129,49026,49027,1128,1130
1130,49028,49029,1129,1131
1131,49030,49031,1130,1132
1132,49032,49033,1131,0
1133,49034,49035,0,1134
1134,49036,49037,1133,1135
1135,49038,49039,1134,1136
1136,49040,49041,1135,1137
1137,49042,49043,1136,1138
1138,49044,49045,1137,1139
1139,49046,49047,1138,1140
1140,49048,49049,1139,1141
1141,49050,49051,1140,1142
1142,49052,49053,1141,1143
1143,49054,49055,1142,1144
1144,49056,49057,1143,1145
1145,49058,49059,1144,1146
1146,49060,49061,1145,1147
1147,49062,49063,1146,1148
1148,49064,49065,1147,0
1149,49066,49067,0,1150
1150,49068,49069,1149,1151
1151,49070,49071,1150,1152
1152,49072,49073,1151,1153
1153,49074,49075,1152,1154
1154,49076,49077,1153,1155
1155,49078,49079,1154,1156
1156,49080,49081,1155,1157
1157,49082,49083,1156,1158
1158,49084,49085,1157,1159
1159,49086,49087,1158,1160
1160,49088,49089,1159,1161
1161,49090,49091,1160,1162
1162,49092,49093,1161,1163
1163,49094,49095,1162,1164
1164,49096,49097,1163,0
1165,49098,49099,0,1166
1166,49100,49101,1165,0
1167,49102,49103,0,1168
1168,49104,49105,1167,1169
1169,49106,49107,1168,1170
1170,49108,49109,1169,0
1171,49110,49111,0,1172
1172,49112,49113,1171,0
1173,49114,49115,0,1174
1174,49116,49117,1173,0
1175,49118,49119,0,1176
1176,49120,49121,1175,0
1177,49122,49123,0,1178
1178,49124,49125,1177,0
1179,49126,49127,0,1180
1180,49128,49129,1179,1181
1181,49130,49131,1180,1182
1182,49132,49133,1181,1183
1183,49134,49135,1182,1184
1184,49136,49137,1183,1185
1185,49138,49139,1184,1186
1186,49140,49141,1185,0
1187,49142,49143,0,1188
1188,49144,49145,1187,1189
1189,49146,49147,1188,1190
1190,49148,49149,1189,1191
1191,49150,49151,1190,1192
1192,49152,49153,1191,1193
1193,49154,49155,1192,1194
1194,49156,49157,1193,0
1195,49158,49159,0,1196
1196,49160,49161,1195,1197
1197,49162,49163,1196,1198
1198,49164,49165,1197,1199
1199,49166,49167,1198,1200
1200,49168,49169,1199,1201
1201,49170,49171,1200,1202
1202,49172,49173,1201,0
1203,49174,49175,0,1204
1204,49176,49177,1203,1205
1205,49178,49179,1204,1206
1206,49180,49181,1205,1207
1207,49182,49183,1206,1208
1208,49184,49185,1207,1209
1209,49186,49187,1208,1210
1210,49188,49189,1209,1211
1211,49190,49191,1210,1212
1212,49192,49193,1211,1213
1213,49194,49195,1212,1214
1214,49196,49197,1213,1215
1215,49198,49199,1214,1216
1216,49200,49201,1215,1217
1217,49202,49203,1216,1218
1218,49204,49205,1217,0
1219,49206,49207,0,1220
1220,49208,49209,1219,1221
1221,49210,49211,1220,1222
1222,49212,49213,1221,1223
1223,49214,49215,1222,1224
1224,49216,49217,1223,1225
1225,49218,49219,1224,1226
1226,49220,49221,1225,1227
1227,49222,49223,1226,1228
1228,49224,49225,1227,1229
1229,49226,49227,1228,1230
1230,49228,49229,1229,1231
1231,49230,49231,1230,1232
1232,49232,49233,1231,1233
1233,49234,49235,1232,1234
1234,49236,49237,1233,0
1235,49238,49239,0,1236
1236,49240,49241,1235,0
1237,49242,49243,0,1238
1238,49244,49245,1237,0
1239,49246,49247,0,0
1240,49248,49249,0,0
1241,49250,49251,0,0
1242,49252,49253,0,0
1243,49254,49255,0,1244
1244,49256,49257,1243,1245
1245,49258,49259,1244,1246
1246,49260,49261,1245,0
1247,49262,49263,0,1248
1248,49264,49265,1247,1249
1249,49266,49267,1248,1250
1250,49268,49269,1249,0
1251,49270,49271,0,1252
1252,49272,49273,1251,1253
1253,49274,49275,1252,1254
1254,49276,49277,1253,0
1255,49278,49279,0,0
1256,49280,49281,0,0
1257,49282,49283,0,0
1258,49284,49285,0,0
1259,49286,49287,0,0
1260,49288,49289,0,0
1261,49290,49291,0,0
1262,49292,49293,0,0
1263,49294,49295,0,0
1264,49296,49297,0,0
1265,49298,49299,0,1266
1266,49300,49301,1265,0
1267,49302,49303,0,1268
1268,49304,49305,1267,0
1269,49306,49307,0,1270
1270,49308,49309,1269,0
1271,49310,49311,0,1272
1272,49312,49313,1271,0
1273,49314,49315,0,1274
1274,49316,49317,1273,0
1275,49318,49319,0,1276
1276,49320,49321,1275,0
1277,49322,49323,0,1278
1278,49324,49325,1277,0
1279,49326,49327,0,1280
1280,49328,49329,1279,0
1281,49330,49331,0,1282
1282,49332,49333,1281,0
1283,49334,49335,0,1284
1284,49336,49337,1283,0
1285,49338,49339,0,1286
1286,49340,49341,1285,1287
1287,49342,49343,1286,1288
1288,49344,49345,1287,0
1289,49346,49347,0,1290
1290,49348,49349,1289,1291
1291,49350,49351,1290,1292
1292,49352,49353,1291,0
1293,49354,49355,0,1294
1294,49356,49357,1293,1295
1295,49358,49359,1294,1296
1296,49360,49361,1295,0
1297,49362,49363,0,1298
1298,49364,49365,1297,1299
1299,49366,49367,1298,1300
1300,49368,49369,1299,0
1301,49370,49371,0,1302
1302,49372,49373,1301,1303
1303,49374,49375,1302,1304
1304,49376,49377,1303,0
1305,49378,49379,0,1306
1306,49380,49381,1305,1307
1307,49382,49383,1306,1308
1308,49384,49385,1307,0
1309,49386,49387,0,1310
1310,49388,49389,1309,1311
1311,49390,49391,1310,1312
1312,49392,49393,1311,0
1313,49394,49395,0,1314
1314,49396,49397,1313,1315
1315,49398,49399,1314,1316
1316,49400,49401,1315,0
1317,49402,49403,0,1318
1318,49404,49405,1317,1319
1319,49406,49407,1318,1320
1320,49408,49409,1319,0
1321,49410,49411,0,1322
1322,49412,49413,1321,1323
1323,49414,49415,1322,1324
1324,49416,49417,1323,0
1325,49418,49419,0,1326
1326,49420,49421,1325,1327
1327,49422,49423,1326,1328
1328,49424,49425,1327,0
1329,49426,49427,0,1330
1330,49428,49429,1329,1331
1331,49430,49431,1330,1332
1332,49432,49433,1331,0
1333,49434,49435,0,1334
1334,49436,49437,1333,1335
1335,49438,49439,1334,1336
1336,49440,49441,1335,0
1337,49442,49443,0,1338
1338,49444,49445,1337,1339
1339,49446,49447,1338,1340
1340,49448,49449,1339,0
1341,49450,49451,0,1342
1342,49452,49453,1341,1343
1343,49454,49455,1342,1344
1344,49456,49457,1343,0
1345,49458,49459,0,1346
1346,49460,49461,1345,1347
1347,49462,49463,1346,1348
1348,49464,49465,1347,0
1349,49466,49467,0,1350
1350,49468,49469,1349,1351
1351,49470,49471,1350,1352
1352,49472,49473,1351,0
1353,49474,49475,0,1354
1354,49476,49477,1353,1355
1355,49478,49479,1354,1356
1356,49480,49481,1355,0
1357,49482,49483,0,1358
1358,49484,49485,1357,1359
1359,49486,49487,1358,1360
1360,49488,49489,1359,0
1361,49490,49491,0,1362
1362,49492,49493,1361,1363
1363,49494,49495,1362,1364
1364,49496,49497,1363,0
1365,49498,49499,0,1366
1366,49500,49501,1365,0
1367,49502,49503,0,1368
1368,49504,49505,1367,0
1369,49506,49507,0,1370
1370,49508,49509,1369,0
1371,49510,49511,0,1372
1372,49512,49513,1371,0
1373,49514,49515,0,1374
1374,49516,49517,1373,0
1375,49518,49519,0,1376
1376,49520,49521,1375,0
1377,49522,49523,0,1378
1378,49524,49525,1377,0
1379,49526,49527,0,1380
1380,49528,49529,1379,0
1381,49530,49531,0,1382
1382,49532,49533,1381,0
1383,49534,49535,0,1384
1384,49536,49537,1383,0
1385,49538,49539,0,1386
1386,49540,49541,1385,1387
1387,49542,49543,1386,1388
1388,49544,49545,1387,0
1389,49546,49547,0,1390
1390,49548,49549,1389,1391
1391,49550,49551,1390,1392
1392,49552,49553,1391,0
1393,49554,49555,0,1394
1394,49556,49557,1393,1395
1395,49558,49559,1394,1396
1396,49560,49561,1395,0
1397,49562,49563,0,1398
1398,49564,49565,1397,1399
1399,49566,49567,1398,1400
1400,49568,49569,1399,0
1401,49570,49571,0,1402
1402,49572,49573,1401,1403
1403,49574,49575,1402,1404
1404,49576,49577,1403,0
1405,49578,49579,0,1406
1406,49580,49581,1405,1407
1407,49582,49583,1406,1408
1408,49584,49585,1407,0
1409,49586,49587,0,1410
1410,49588,49589,1409,1411
1411,49590,49591,1410,1412
1412,49592,49593,1411,0
1413,49594,49595,0,1414
1414,49596,49597,1413,1415
1415,49598,49599,1414,1416
1416,49600,49601,1415,0
1417,49602,49603,0,1418
1418,49604,49605,1417,1419
1419,49606,49607,1418,1420
1420,49608,49609,1419,0
1421,49610,49611,0,1422
1422,49612,49613,1421,1423
1423,49614,49615,1422,1424
1424,49616,49617,1423,0
1425,49618,49619,0,1426
1426,49620,49621,1425,1427
1427,49622,49623,1426,1428
1428,49624,49625,1427,0
1429,49626,49627,0,1430
1430,49628,49629,1429,1431
1431,49630,49631,1430,1432
1432,49632,49633,1431,0
1433,49634,49635,0,1434
1434,49636,49637,1433,0
1435,49638,49639,0,1436
1436,49640,49641,1435,0
1437,49642,49643,0,1438
1438,49644,49645,1437,0
1439,49646,49647,0,1440
1440,49648,49649,1439,0
1441,49650,49651,0,1442
1442,49652,49653,1441,0
1443,49654,49655,0,1444
1444,49656,49657,1443,0
1445,49658,49659,0,1446
1446,49660,49661,1445,0
1447,49662,49663,0,1448
1448,49664,49665,1447,0
1449,49666,49667,0,1450
1450,49668,49669,1449,0
1451,49670,49671,0,1452
1452,49672,49673,1451,0
1453,49674,49675,0,1454
1454,49676,49677,1453,1455
1455,49678,49679,1454,1456
1456,49680,49681,1455,0
1457,49682,49683,0,1458
1458,49684,49685,1457,1459
1459,49686,49687,1458,1460
1460,49688,49689,1459,0
1461,49690,49691,0,1462
1462,49692,49693,1461,1463
1463,49694,49695,1462,1464
1464,49696,49697,1463,0
1465,49698,49699,0,1466
1466,49700,49701,1465,1467
1467,49702,49703,1466,1468
1468,49704,49705,1467,0
1469,49706,49707,0,1470
1470,49708,49709,1469,1471
1471,49710,49711,1470,1472
1472,49712,49713,1471,0
1473,49714,49715,0,1474
1474,49716,49717,1473,1475
1475,49718,49719,1474,1476
1476,49720,49721,1475,0
1477,49722,49723,0,1478
1478,49724,49725,1477,1479
1479,49726,49727,1478,1480
1480,49728,49729,1479,0
1481,49730,49731,0,1482
1482,49732,49733,1481,1483
1483,49734,49735,1482,1484
1484,49736,49737,1483,0
1485,49738,49739,0,1486
1486,49740,49741,1485,1487
1487,49742,49743,1486,1488
1488,49744,49745,1487,0
1489,49746,49747,0,1490
1490,49748,49749,1489,1491
1491,49750,49751,1490,1492
1492,49752,49753,1491,0
1493,49754,49755,0,1494
1494,49756,49757,1493,1495
1495,49758,49759,1494,1496
1496,49760,49761,1495,0
1497,49762,49763,0,1498
1498,49764,49765,1497,1499
1499,49766,49767,1498,1500
1500,49768,49769,1499,0
1501,49770,49771,0,1502
1502,49772,49773,1501,0
1503,49774,49775,0,1504
1504,49776,49777,1503,0
1505,49778,49779,0,1506
1506,49780,49781,1505,0
1507,49782,49783,0,1508
1508,49784,49785,1507,1509
1509,49786,49787,1508,1510
1510,49788,49789,1509,0
1511,49790,49791,0,1512
1512,49792,49793,1511,1513
1513,49794,49795,1512,1514
1514,49796,49797,1513,0
1515,49798,49799,0,1516
1516,49800,49801,1515,1517
1517,49802,49803,1516,1518
1518,49804,49805,1517,0
1519,49806,49807,0,1520
1520,49808,49809,1519,1521
1521,49810,49811,1520,1522
1522,49812,49813,1521,0
1523,49814,49815,0,1524
1524,49816,49817,1523,1525
1525,49818,49819,1524,1526
1526,49820,49821,1525,1527
1527,49822,49823,1526,1528
1528,49824,49825,1527,1529
1529,49826,49827,1528,1530
1530,49828,49829,1529,1531
1531,49830,49831,1530,1532
1532,49832,49833,1531,0
1533,49834,49835,0,1534
1534,49836,49837,1533,1535
1535,49838,49839,1534,1536
1536,49840,49841,1535,1537
1537,49842,49843,1536,1538
1538,49844,49845,1537,1539
1539,49846,49847,1538,1540
1540,49848,49849,1539,1541
1541,49850,49851,1540,0
1542,49852,49853,0,1543
1543,49854,49855,1542,1544
1544,49856,49857,1543,1545
1545,49858,49859,1544,1546
1546,49860,49861,1545,1547
1547,49862,49863,1546,1548
1548,49864,49865,1547,1549
1549,49866,49867,1548,1550
1550,49868,49869,1549,0
1551,49870,49871,0,1552
1552,49872,49873,1551,1553
1553,49874,49875,1552,1554
1554,49876,49877,1553,1555
1555,49878,49879,1554,1556
1556,49880,49881,1555,1557
1557,49882,49883,1556,1558
1558,49884,49885,1557,1559
1559,49886,49887,1558,0
1560,49888,49889,0,1561
1561,49890,49891,1560,1562
1562,49892,49893,1561,1563
1563,49894,49895,1562,1564
1564,49896,49897,1563,1565
1565,49898,49899,1564,1566
1566,49900,49901,1565,1567
1567,49902,49903,1566,1568
1568,49904,49905,1567,0
1569,49906,49907,0,1570
1570,49908,49909,1569,1571
1571,49910,49911,1570,1572
1572,49912,49913,1571,1573
1573,49914,49915,1572,1574
1574,49916,49917,1573,1575
1575,49918,49919,1574,1576
1576,49920,49921,1575,1577
1577,49922,49923,1576,1578
1578,49924,49925,1577,1579
1579,49926,49927,1578,1580
1580,49928,49929,1579,1581
1581,49930,49931,1580,1582
1582,49932,49933,1581,1583
1583,49934,49935,1582,1584
1584,49936,49937,1583,1585
1585,49938,49939,1584,1586
1586,49940,49941,1585,1587
1587,49942,49943,1586,1588
1588,49944,49945,1587,1589
1589,49946,49947,1588,1590
1590,49948,49949,1589,1591
1591,49950,49951,1590,1592
1592,49952,49953,1591,1593
1593,49954,49955,1592,1594
1594,49956,49957,1593,1595
1595,49958,49959,1594,1596
1596,49960,49961,1595,1597
1597,49962,49963,1596,1598
1598,49964,49965,1597,1599
1599,49966,49967,1598,1600
1600,49968,49969,1599,0
1601,49970,49971,0,1602
1602,49972,49973,1601,1603
1603,49974,49975,1602,1604
1604,49976,49977,1603,1605
1605,49978,49979,1604,1606
1606,49980,49981,1605,1607
1607,49982,49983,1606,1608
1608,49984,49985,1607,1609
1609,49986,49987,1608,1610
1610,49988,49989,1609,1611
1611,49990,49991,1610,1612
1612,49992,49993,1611,1613
1613,49994,49995,1612,1614
1614,49996,49997,1613,1615
1615,49998,49999,1614,1616
1616,50000,50001,1615,1617
1617,50002,50003,1616,1618
1618,50004,50005,1617,1619
1619,50006,50007,1618,1620
1620,50008,50009,1619,1621
1621,50010,50011,1620,1622
1622,50012,50013,1621,1623
1623,50014,50015,1622,1624
1624,50016,50017,1623,1625
1625,50018,50019,1624,1626
1626,50020,50021,1625,1627
1627,50022,50023,1626,1628
1628,50024,50025,1627,1629
1629,50026,50027,1628,1630
1630,50028,50029,1629,1631
1631,50030,50031,1630,1632
1632,50032,50033,1631,0
1633,50034,50035,0,1634
1634,50036,50037,1633,1635
1635,50038,50039,1634,1636
1636,50040,50041,1635,1637
1637,50042,50043,1636,1638
1638,50044,50045,1637,1639
1639,50046,50047,1638,1640
1640,50048,50049,1639,1641
1641,50050,50051,1640,1642
1642,50052,50053,1641,1643
1643,50054,50055,1642,1644
1644,50056,50057,1643,1645
1645,50058,50059,1644,1646
1646,50060,50061,1645,1647
1647,50062,50063,1646,1648
1648,50064,50065,1647,1649
1649,50066,50067,1648,1650
1650,50068,50069,1649,1651
1651,50070,50071,1650,1652
1652,50072,50073,1651,1653
1653,50074,50075,1652,1654
1654,50076,50077,1653,1655
1655,50078,50079,1654,1656
1656,50080,50081,1655,1657
1657,50082,50083,1656,1658
1658,50084,50085,1657,1659
1659,50086,50087,1658,1660
1660,50088,50089,1659,1661
1661,50090,50091,1660,1662
1662,50092,50093,1661,1663
1663,50094,50095,1662,1664
1664,50096,50097,1663,0
1665,50098,50099,0,1666
1666,50100,50101,1665,1667
1667,50102,50103,1666,1668
1668,50104,50105,1667,1669
1669,50106,50107,1668,1670
1670,50108,50109,1669,1671
1671,50110,50111,1670,1672
1672,50112,50113,1671,0
1673,50114,50115,0,1674
1674,50116,50117,1673,1675
1675,50118,50119,1674,1676
1676,50120,50121,1675,1677
1677,50122,50123,1676,1678
1678,50124,50125,1677,1679
1679,50126,50127,1678,1680
1680,50128,50129,1679,0
1681,50130,50131,0,1682
1682,50132,50133,1681,1683
1683,50134,50135,1682,1684
1684,50136,50137,1683,1685
1685,50138,50139,1684,1686
1686,50140,50141,1685,1687
1687,50142,50143,1686,1688
1688,50144,50145,1687,0
1689,50146,50147,0,1690
1690,50148,50149,1689,1691
1691,50150,50151,1690,1692
1692,50152,50153,1691,0
1693,50154,50155,0,1694
1694,50156,50157,1693,1695
1695,50158,50159,1694,1696
1696,50160,50161,1695,0
1697,50162,50163,0,1698
1698,50164,50165,1697,1699
1699,50166,50167,1698,1700
1700,50168,50169,1699,0
1701,50170,50171,0,1702
1702,50172,50173,1701,1703
1703,50174,50175,1702,1704
1704,50176,50177,1703,0
1705,50178,50179,0,1706
1706,50180,50181,1705,1707
1707,50182,50183,1706,1708
1708,50184,50185,1707,0
1709,50186,50187,0,1710
1710,50188,50189,1709,1711
1711,50190,50191,1710,1712
1712,50192,50193,1711,1713
1713,50194,50195,1712,1714
1714,50196,50197,1713,1715
1715,50198,50199,1714,1716
1716,50200,50201,1715,0
1717,50202,50203,0,1718
1718,50204,50205,1717,1719
1719,50206,50207,1718,1720
1720,50208,50209,1719,1721
1721,50210,50211,1720,1722
1722,50212,50213,1721,1723
1723,50214,50215,1722,1724
1724,50216,50217,1723,0
1725,50218,50219,0,1726
1726,50220,50221,1725,1727
1727,50222,50223,1726,1728
1728,50224,50225,1727,1729
1729,50226,50227,1728,1730
1730,50228,50229,1729,1731
1731,50230,50231,1730,1732
1732,50232,50233,1731,0
1733,50234,50235,0,1734
1734,50236,50237,1733,1735
1735,50238,50239,1734,1736
1736,50240,50241,1735,1737
1737,50242,50243,1736,1738
1738,50244,50245,1737,1739
1739,50246,50247,1738,1740
1740,50248,50249,1739,0
1741,50250,50251,0,1742
1742,50252,50253,1741,1743
1743,50254,50255,1742,1744
1744,50256,50257,1743,1745
1745,50258,50259,1744,1746
1746,50260,50261,1745,1747
1747,50262,50263,1746,1748
1748,50264,50265,1747,0
1749,50266,50267,0,1750
1750,50268,50269,1749,1751
1751,50270,50271,1750,1752
1752,50272,50273,1751,1753
1753,50274,50275,1752,1754
1754,50276,50277,1753,1755
1755,50278,50279,1754,1756
1756,50280,50281,1755,0
1757,50282,50283,0,1758
1758,50284,50285,1757,1759
1759,50286,50287,1758,1760
1760,50288,50289,1759,0
1761,50290,50291,0,1762
1762,50292,50293,1761,1763
1763,50294,50295,1762,1764
1764,50296,50297,1763,0
1765,50298,50299,0,1766
1766,50300,50301,1765,1767
1767,50302,50303,1766,1768
1768,50304,50305,1767,0
1769,50306,50307,0,1770
1770,50308,50309,1769,1771
1771,50310,50311,1770,1772
1772,50312,50313,1771,0
1773,50314,50315,0,1774
1774,50316,50317,1773,1775
1775,50318,50319,1774,1776
1776,50320,50321,1775,1777
1777,50322,50323,1776,1778
1778,50324,50325,1777,1779
1779,50326,50327,1778,1780
1780,50328,50329,1779,1781
1781,50330,50331,1780,1782
1782,50332,50333,1781,1783
1783,50334,50335,1782,1784
1784,50336,50337,1783,1785
1785,50338,50339,1784,1786
1786,50340,50341,1785,1787
1787,50342,50343,1786,1788
1788,50344,50345,1787,0
1789,50346,50347,0,1790
1790,50348,50349,1789,1791
1791,50350,50351,1790,1792
1792,50352,50353,1791,1793
1793,50354,50355,1792,1794
1794,50356,50357,1793,1795
1795,50358,50359,1794,1796
1796,50360,50361,1795,1797
1797,50362,50363,1796,1798
1798,50364,50365,1797,1799
1799,50366,50367,1798,1800
1800,50368,50369,1799,1801
1801,50370,50371,1800,1802
1802,50372,50373,1801,1803
1803,50374,50375,1802,1804
1804,50376,50377,1803,0
1805,50378,50379,0,1806
1806,50380,50381,1805,1807
1807,50382,50383,1806,1808
1808,50384,50385,1807,1809
1809,50386,50387,1808,1810
1810,50388,50389,1809,1811
1811,50390,50391,1810,1812
1812,50392,50393,1811,1813
1813,50394,50395,1812,1814
1814,50396,50397,1813,1815
1815,50398,50399,1814,1816
1816,50400,50401,1815,1817
1817,50402,50403,1816,1818
1818,50404,50405,1817,1819
1819,50406,50407,1818,1820
1820,50408,50409,1819,0
1821,50410,50411,0,1822
1822,50412,50413,1821,1823
1823,50414,50415,1822,1824
1824,50416,50417,1823,0
1825,50418,50419,0,1826
1826,50420,50421,1825,1827
1827,50422,50423,1826,1828
1828,50424,50425,1827,0
1829,50426,50427,0,1830
1830,50428,50429,1829,1831
1831,50430,50431,1830,1832
1832,50432,50433,1831,1833
1833,50434,50435,1832,1834
1834,50436,50437,1833,1835
1835,50438,50439,1834,1836
1836,50440,50441,1835,1837
1837,50442,50443,1836,1838
1838,50444,50445,1837,1839
1839,50446,50447,1838,1840
1840,50448,50449,1839,1841
1841,50450,50451,1840,1842
1842,50452,50453,1841,1843
1843,50454,50455,1842,1844
1844,50456,50457,1843,1845
1845,50458,50459,1844,1846
1846,50460,50461,1845,1847
1847,50462,50463,1846,1848
1848,50464,50465,1847,1849
1849,50466,50467,1848,1850
1850,50468,50469,1849,1851
1851,50470,50471,1850,1852
1852,50472,50473,1851,1853
1853,50474,50475,1852,1854
1854,50476,50477,1853,1855
1855,50478,50479,1854,1856
1856,50480,50481,1855,1857
1857,50482,50483,1856,1858
1858,50484,50485,1857,1859
1859,50486,50487,1858,1860
1860,50488,50489,1859,0
1861,50490,50491,0,1862
1862,50492,50493,1861,1863
1863,50494,50495,1862,1864
1864,50496,50497,1863,1865
1865,50498,50499,1864,1866
1866,50500,50501,1865,1867
1867,50502,50503,1866,1868
1868,50504,50505,1867,1869
1869,50506,50507,1868,1870
1870,50508,50509,1869,1871
1871,50510,50511,1870,1872
1872,50512,50513,1871,1873
1873,50514,50515,1872,1874
1874,50516,50517,1873,1875
1875,50518,50519,1874,1876
1876,50520,50521,1875,1877
1877,50522,50523,1876,1878
1878,50524,50525,1877,1879
1879,50526,50527,1878,1880
1880,50528,50529,1879,1881
1881,50530,50531,1880,1882
1882,50532,50533,1881,1883
1883,50534,50535,1882,1884
1884,50536,50537,1883,1885
1885,50538,50539,1884,1886
1886,50540,50541,1885,1887
1887,50542,50543,1886,1888
1888,50544,50545,1887,1889
1889,50546,50547,1888,1890
1890,50548,50549,1889,1891
1891,50550,50551,1890,1892
1892,50552,50553,1891,0
1893,50554,50555,0,1894
1894,50556,50557,1893,1895
1895,50558,50559,1894,1896
1896,50560,50561,1895,1897
1897,50562,50563,1896,1898
1898,50564,50565,1897,1899
1899,50566,50567,1898,1900
1900,50568,50569,1899,1901
1901,50570,50571,1900,1902
1902,50572,50573,1901,1903
1903,50574,50575,1902,1904
1904,50576,50577,1903,1905
1905,50578,50579,1904,1906
1906,50580,50581,1905,1907
1907,50582,50583,1906,1908
1908,50584,50585,1907,1909
1909,50586,50587,1908,1910
1910,50588,50589,1909,1911
1911,50590,50591,1910,1912
1912,50592,50593,1911,1913
1913,50594,50595,1912,1914
1914,50596,50597,1913,1915
1915,50598,50599,1914,1916
1916,50600,50601,1915,1917
1917,50602,50603,1916,1918
1918,50604,50605,1917,1919
1919,50606,50607,1918,1920
1920,50608,50609,1919,1921
1921,50610,50611,1920,1922
1922,50612,50613,1921,1923
1923,50614,50615,1922,1924
1924,50616,50617,1923,0
1925,50618,50619,0,1926
1926,50620,50621,1925,1927
1927,50622,50623,1926,1928
1928,50624,50625,1927,1929
1929,50626,50627,1928,1930
1930,50628,50629,1929,1931
1931,50630,50631,1930,1932
1932,50632,50633,1931,0
1933,50634,50635,0,1934
1934,50636,50637,1933,1935
1935,50638,50639,1934,1936
1936,50640,50641,1935,1937
1937,50642,50643,1936,1938
1938,50644,50645,1937,1939
1939,50646,50647,1938,1940
1940,50648,50649,1939,0
1941,50650,50651,0,1942
1942,50652,50653,1941,1943
1943,50654,50655,1942,1944
1944,50656,50657,1943,1945
1945,50658,50659,1944,1946
1946,50660,50661,1945,1947
1947,50662,50663,1946,1948
1948,50664,50665,1947,0
1949,50666,50667,0,1950
1950,50668,50669,1949,1951
1951,50670,50671,1950,1952
1952,50672,50673,1951,1953
1953,50674,50675,1952,1954
1954,50676,50677,1953,1955
1955,50678,50679,1954,1956
1956,50680,50681,1955,0
1957,50682,50683,0,1958
1958,50684,50685,1957,1959
1959,50686,50687,1958,1960
1960,50688,50689,1959,1961
1961,50690,50691,1960,1962
1962,50692,50693,1961,1963
1963,50694,50695,1962,1964
1964,50696,50697,1963,1965
1965,50698,50699,1964,1966
1966,50700,50701,1965,0
1967,50702,50703,0,1968
1968,50704,50705,1967,1969
1969,50706,50707,1968,1970
1970,50708,50709,1969,1971
1971,50710,50711,1970,1972
1972,50712,50713,1971,1973
1973,50714,50715,1972,1974
1974,50716,50717,1973,0
1975,50718,50719,0,1976
1976,50720,50721,1975,1977
1977,50722,50723,1976,1978
1978,50724,50725,1977,0
1979,50726,50727,0,1980
1980,50728,50729,1979,1981
1981,50730,50731,1980,1982
1982,50732,50733,1981,0
1983,50734,50735,0,1984
1984,50736,50737,1983,1985
1985,50738,50739,1984,1986
1986,50740,50741,1985,0
1987,50742,50743,0,1988
1988,50744,50745,1987,0
1989,50746,50747,0,0
1990,50748,50749,0,0
1991,50750,50751,0,0
1992,50752,50753,0,1993
1993,50754,50755,1992,1994
1994,50756,50757,1993,1995
1995,50758,50759,1994,1996
1996,50760,50761,1995,1997
1997,50762,50763,1996,1998
1998,50764,50765,1997,1999
1999,50766,50767,1998,0
2000,50768,50769,0,2001
2001,50770,50771,2000,2002
2002,50772,50773,2001,2003
2003,50774,50775,2002,2004
2004,50776,50777,2003,2005
2005,50778,50779,2004,2006
2006,50780,50781,2005,2007
2007,50782,50783,2006,0
2008,50784,50785,0,0
2009,50786,50787,0,0
2010,50788,50789,0,0
2011,50790,50791,0,2012
2012,50792,50793,2011,0
2013,50794,50795,0,0
2014,50796,50797,0,2015
2015,50798,50799,2014,0
2016,50800,50801,0,2017
2017,50802,50803,2016,0
2018,50804,50805,0,2019
2019,50806,50807,2018,0
2020,50808,50809,0,2021
2021,50810,50811,2020,0
2022,50812,50813,0,2023
2023,50814,50815,2022,0
2024,50816,50817,0,2025
2025,50818,50819,2024,0
2026,50820,50821,0,2027
2027,50822,50823,2026,0
2028,50824,50825,0,0
2029,50826,50827,0,0
2030,50828,50829,0,0
2031,50830,50831,0,2032
2032,50832,50833,2031,0
2033,50834,50835,0,2034
2034,50836,50837,2033,0
2035,50838,50839,0,0
2036,50840,50841,0,0
2037,50842,50843,0,0
2038,50844,50845,0,0
2039,50846,50847,0,0
2040,50848,50849,0,0
2041,50850,50851,0,0
2042,50852,50853,0,0
2043,50854,50855,0,0
2044,50856,50857,0,0
2045,50858,50859,0,2046
2046,50860,50861,2045,2047
2047,50862,50863,2046,2048
2048,50864,50865,2047,2049
2049,50866,50867,2048,2050
2050,50868,50869,2049,2051
2051,50870,50871,2050,2052
2052,50872,50873,2051,0
2053,50874,50875,0,2054
2054,50876,50877,2053,2055
2055,50878,50879,2054,2056
2056,50880,50881,2055,2057
2057,50882,50883,2056,2058
2058,50884,50885,2057,2059
2059,50886,50887,2058,2060
2060,50888,50889,2059,0
2061,50890,50891,0,0
2062,50892,50893,0,0
2063,50894,50895,0,0
2064,50896,50897,0,0
2065,50898,50899,0,0
2066,50900,50901,0,2067
2067,50902,50903,2066,0
2068,50904,50905,0,2069
2069,50906,50907,2068,0
2070,50908,50909,0,2071
2071,50910,50911,2070,0
2072,50912,50913,0,0
2073,50914,50915,0,2074
2074,50916,50917,2073,0
2075,50918,50919,0,2076
2076,50920,50921,2075,0
2077,50922,50923,0,2078
2078,50924,50925,2077,0
2079,50926,50927,0,2080
2080,50928,50929,2079,0
2081,50930,50931,0,0
2082,50932,50933,0,0
2083,50934,50935,0,0
2084,50936,50937,0,0
2085,50938,50939,0,0
2086,50940,50941,0,0
2087,50942,50943,0,0
2088,50944,50945,0,0
2089,50946,50947,0,0
2090,50948,50949,0,0
2091,50950,50951,0,0
2092,50952,50953,0,0
2093,50954,50955,0,0
2094,50956,50957,0,0
2095,50958,50959,0,0
2096,50960,50961,0,0
2097,50962,50963,0,2098
2098,50964,50965,2097,2099
2099,50966,50967,2098,2100
2100,50968,50969,2099,2101
2101,50970,50971,2100,2102
2102,50972,50973,2101,2103
2103,50974,50975,2102,2104
2104,50976,50977,2103,0
2105,50978,50979,0,2106
2106,50980,50981,2105,2107
2107,50982,50983,2106,2108
2108,50984,50985,2107,2109
2109,50986,50987,2108,2110
2110,50988,50989,2109,2111
2111,50990,50991,2110,2112
2112,50992,50993,2111,0
2113,50994,50995,0,2114
2114,50996,50997,2113,2115
2115,50998,50999,2114,2116
2116,51000,51001,2115,2117
2117,51002,51003,2116,2118
2118,51004,51005,2117,2119
2119,51006,51007,2118,2120
2120,51008,51009,2119,0
2121,51010,51011,0,2122
2122,51012,51013,2121,2123
2123,51014,51015,2122,2124
2124,51016,51017,2123,2125
2125,51018,51019,2124,2126
2126,51020,51021,2125,2127
2127,51022,51023,2126,2128
2128,51024,51025,2127,0
2129,51026,51027,0,2130
2130,51028,51029,2129,2131
2131,51030,51031,2130,2132
2132,51032,51033,2131,2133
2133,51034,51035,2132,2134
2134,51036,51037,2133,2135
2135,51038,51039,2134,2136
2136,51040,51041,2135,0
2137,51042,51043,0,2138
2138,51044,51045,2137,2139
2139,51046,51047,2138,2140
2140,51048,51049,2139,0
2141,51050,51051,0,0
2142,51052,51053,0,0
2143,51054,51055,0,0
2144,51056,51057,0,0
2145,51058,51059,0,0
2146,51060,51061,0,0
2147,51062,51063,0,0
2148,51064,51065,0,0
2149,51066,51067,0,0
2150,51068,51069,0,0
2151,51070,51071,0,0
2152,51072,51073,0,0
2153,51074,51075,0,0
2154,51076,51077,0,0
2155,51078,51079,0,0
2156,51080,51081,0,0
2157,51082,51083,0,0
2158,51084,51085,0,0
2159,51086,51087,0,0
2160,51088,51089,0,0
2161,51090,51091,0,2162
2162,51092,51093,2161,2163
2163,51094,51095,2162,2164
2164,51096,51097,2163,2165
2165,51098,51099,2164,2166
2166,51100,51101,2165,2167
2167,51102,51103,2166,0
2168,51104,51105,0,2169
2169,51106,51107,2168,2170
2170,51108,51109,2169,2171
2171,51110,51111,2170,2172
2172,51112,51113,2171,2173
2173,51114,51115,2172,2174
2174,51116,51117,2173,0
2175,51118,51119,0,2176
2176,51120,51121,2175,2177
2177,51122,51123,2176,2178
2178,51124,51125,2177,2179
2179,51126,51127,2178,2180
2180,51128,51129,2179,2181
2181,51130,51131,2180,0
2182,51132,51133,0,0
2183,51134,51135,0,0
2184,51136,51137,0,0
2185,51138,51139,0,0
2186,51140,51141,0,0
2187,51142,51143,0,0
2188,51144,51145,0,0
2189,51146,51147,0,2190
2190,51148,51149,2189,2191
2191,51150,51151,2190,2192
2192,51152,51153,2191,2193
2193,51154,51155,2192,2194
2194,51156,51157,2193,2195
2195,51158,51159,2194,2196
2196,51160,51161,2195,0
2197,51162,51163,0,2198
2198,51164,51165,2197,2199
2199,51166,51167,2198,2200
2200,51168,51169,2199,2201
2201,51170,51171,2200,2202
2202,51172,51173,2201,2203
2203,51174,51175,2202,2204
2204,51176,51177,2203,0
2205,51178,51179,0,0
2206,51180,51181,0,0
2207,51182,51183,0,2208
2208,51184,51185,2207,0
2209,51186,51187,0,2210
2210,51188,51189,2209,0
2211,51190,51191,0,0
